timestamp,time_s,preprocess_ms,vision_ms,language_ms,postprocess_ms,total_ms,boxes,points,generated_tokens,pbd_calls,pbd_accepted_tokens,stop_reason,labels,mode
1787057795.753169,0.002551555633544922,18.103,46.466,123.801,0.014,247.861,1,0,10,3,10,im_end,box,hybrid
1787057795.8821204,0.13150286674499512,18.06,46.641,128.781,0.014,252.758,1,0,10,3,10,im_end,box,hybrid
1787057796.0108838,0.2602663040161133,18.174,48.553,128.582,0.014,257.53,1,0,10,3,10,im_end,box,hybrid
1787057796.1387258,0.3881082534790039,18.489,47.632,127.657,0.015,256.425,1,0,10,3,10,im_end,box,hybrid
1787057796.2660475,0.5154299736022949,18.588,47.643,127.147,0.015,254.973,1,0,10,3,10,im_end,box,hybrid
1787057796.393541,0.6429235935211182,18.317,47.149,127.321,0.013,254.638,1,0,10,3,10,im_end,box,hybrid
1787057796.5207655,0.7701480388641357,18.479,47.256,127.049,0.013,254.543,1,0,10,3,10,im_end,box,hybrid
1787057796.6479003,0.8972828388214111,18.527,46.883,126.917,0.016,254.169,1,0,10,3,10,im_end,box,hybrid
1787057796.7750864,1.0244688987731934,18.579,47.159,127.003,0.013,254.104,1,0,10,3,10,im_end,box,hybrid
1787057796.9027576,1.1521401405334473,18.71,46.968,127.492,0.013,254.671,1,0,10,3,10,im_end,box,hybrid
1787057797.0295444,1.2789268493652344,18.28,47.36,126.61,0.015,254.276,1,0,10,3,10,im_end,box,hybrid
1787057797.158453,1.4078354835510254,18.347,47.241,128.73,0.015,255.511,1,0,10,3,10,im_end,box,hybrid
1787057797.2878368,1.5372192859649658,18.208,47.703,129.203,0.014,258.113,1,0,10,3,10,im_end,box,hybrid
1787057797.4159114,1.6652939319610596,18.728,47.602,127.896,0.013,257.272,1,0,10,3,10,im_end,box,hybrid
1787057797.5433397,1.792722225189209,18.6,47.389,127.243,0.014,255.316,1,0,10,3,10,im_end,box,hybrid
1787057797.670342,1.919724464416504,18.39,47.333,126.822,0.014,254.243,1,0,10,3,10,im_end,box,hybrid
1787057797.7971547,2.046537160873413,18.554,47.028,126.629,0.014,253.624,1,0,10,3,10,im_end,box,hybrid
1787057797.9245467,2.173929214477539,18.294,47.128,127.178,0.013,254.017,1,0,10,3,10,im_end,box,hybrid
1787057798.0521605,2.3015429973602295,18.32,47.036,127.228,0.014,254.794,1,0,10,3,10,im_end,box,hybrid
1787057798.1793575,2.4287400245666504,18.257,47.618,127.022,0.014,254.413,1,0,10,3,10,im_end,box,hybrid
1787057798.307004,2.5563864707946777,18.294,47.196,127.462,0.013,254.664,1,0,10,3,10,im_end,box,hybrid
1787057798.436249,2.685631513595581,18.657,47.1,129.067,0.014,256.705,1,0,10,3,10,im_end,box,hybrid
1787057798.5669096,2.8162920475006104,18.464,47.551,130.475,0.015,259.717,1,0,10,3,10,im_end,box,hybrid
1787057798.6944487,2.943831205368042,18.823,48.309,127.358,0.014,258.014,1,0,10,3,10,im_end,box,hybrid
1787057798.8213716,3.070754051208496,18.85,47.485,126.752,0.013,254.278,1,0,10,3,10,im_end,box,hybrid
1787057798.9476528,3.197035312652588,18.438,47.138,126.097,0.015,253.022,1,0,10,3,10,im_end,box,hybrid
1787057799.0756252,3.325007677078247,18.253,47.205,127.747,0.013,254.045,1,0,10,3,10,im_end,box,hybrid
1787057799.202747,3.452129602432251,18.263,47.439,126.936,0.014,254.892,1,0,10,3,10,im_end,box,hybrid
1787057799.330523,3.5799055099487305,18.446,47.207,127.592,0.014,254.71,1,0,10,3,10,im_end,box,hybrid
1787057799.457471,3.7068533897399902,18.511,46.917,126.763,0.016,254.54,1,0,10,3,10,im_end,box,hybrid
1787057799.5852203,3.8346028327941895,18.423,47.149,127.579,0.015,254.516,1,0,10,3,10,im_end,box,hybrid
1787057799.7141805,3.9635629653930664,18.371,47.09,128.78,0.013,256.528,1,0,10,3,10,im_end,box,hybrid
1787057799.8428855,4.092267990112305,18.463,47.514,128.529,0.013,257.482,1,0,10,3,10,im_end,box,hybrid
1787057799.9715304,4.220912933349609,18.693,47.817,128.464,0.015,257.167,1,0,10,3,10,im_end,box,hybrid
1787057800.099253,4.34863543510437,18.68,47.75,127.544,0.014,256.185,1,0,10,3,10,im_end,box,hybrid
1787057800.2262099,4.475592374801636,18.624,47.012,126.778,0.015,254.503,1,0,10,3,10,im_end,box,hybrid
1787057800.3564856,4.605868101119995,18.503,47.197,130.048,0.015,257.049,1,0,10,3,10,im_end,box,hybrid
1787057800.4842496,4.7336320877075195,18.237,47.196,127.542,0.014,257.8,1,0,10,3,10,im_end,box,hybrid
1787057800.6118054,4.861187934875488,18.466,47.168,127.377,0.015,255.107,1,0,10,3,10,im_end,box,hybrid
1787057800.739554,4.988936424255371,18.31,47.314,127.574,0.015,255.128,1,0,10,3,10,im_end,box,hybrid
1787057800.866629,5.116011381149292,18.662,47.507,126.898,0.014,254.648,1,0,10,3,10,im_end,box,hybrid
1787057800.9952726,5.244655132293701,18.768,46.808,128.452,0.014,255.519,1,0,10,3,10,im_end,box,hybrid
1787057801.1240492,5.37343168258667,18.873,47.289,128.597,0.014,257.24,1,0,10,3,10,im_end,box,hybrid
1787057801.251427,5.50080943107605,18.53,47.727,127.208,0.014,255.979,1,0,10,3,10,im_end,box,hybrid
1787057801.3785598,5.627942323684692,18.505,47.549,126.965,0.013,254.328,1,0,10,3,10,im_end,box,hybrid
1787057801.5059247,5.755307197570801,18.532,47.096,127.179,0.014,254.323,1,0,10,3,10,im_end,box,hybrid
1787057801.6341891,5.883571624755859,18.18,47.352,128.086,0.015,255.444,1,0,10,3,10,im_end,box,hybrid
1787057801.7618115,6.0111939907073975,18.487,46.866,127.411,0.015,255.702,1,0,10,3,10,im_end,box,hybrid
1787057801.8880715,6.137454032897949,18.483,47.078,126.089,0.015,253.67,1,0,10,3,10,im_end,box,hybrid
1787057802.0146751,6.264057636260986,18.607,46.943,126.396,0.015,252.683,1,0,10,3,10,im_end,box,hybrid
1787057802.1416817,6.391064167022705,18.571,46.823,126.826,0.014,253.403,1,0,10,3,10,im_end,box,hybrid
1787057802.2714295,6.520812034606934,18.684,46.888,129.566,0.014,256.565,1,0,10,3,10,im_end,box,hybrid
1787057802.4003072,6.649689674377441,18.381,48.021,128.7,0.014,258.442,1,0,10,3,10,im_end,box,hybrid
1787057802.5272858,6.776668310165405,19.129,47.053,126.794,0.014,255.674,1,0,10,3,10,im_end,box,hybrid
1787057802.6561117,6.905494213104248,19.092,46.301,128.651,0.013,255.617,1,0,10,3,10,im_end,box,hybrid
1787057802.7835822,7.032964706420898,18.438,47.06,127.302,0.014,256.124,1,0,10,3,10,im_end,box,hybrid
1787057802.911015,7.160397529602051,18.79,46.633,127.21,0.015,254.722,1,0,10,3,10,im_end,box,hybrid
1787057803.0378466,7.287229061126709,18.268,47.357,126.606,0.032,254.046,1,0,10,3,10,im_end,box,hybrid
1787057803.1648667,7.4142491817474365,18.739,46.752,126.85,0.016,253.644,1,0,10,3,10,im_end,box,hybrid
1787057803.2919772,7.5413596630096436,18.671,46.846,126.941,0.014,253.956,1,0,10,3,10,im_end,box,hybrid
1787057803.4202504,7.669632911682129,18.652,47.105,128.085,0.015,255.204,1,0,10,3,10,im_end,box,hybrid
1787057803.549275,7.798657417297363,18.795,47.188,128.841,0.015,257.107,1,0,10,3,10,im_end,box,hybrid
1787057803.6791635,7.928545951843262,18.776,47.381,129.711,0.016,258.727,1,0,10,3,10,im_end,box,hybrid
1787057803.8063393,8.055721759796143,18.622,47.776,126.992,0.014,256.885,1,0,10,3,10,im_end,box,hybrid
1787057803.9330919,8.182474374771118,18.87,46.805,126.577,0.014,253.734,1,0,10,3,10,im_end,box,hybrid
1787057804.0594122,8.308794736862183,18.477,47.269,126.148,0.014,252.896,1,0,10,3,10,im_end,box,hybrid
1787057804.185794,8.435176610946655,18.874,46.592,126.217,0.012,252.529,1,0,10,3,10,im_end,box,hybrid
1787057804.3127742,8.562156677246094,19.23,46.173,126.767,0.014,253.133,1,0,10,3,10,im_end,box,hybrid
1787057804.4408283,8.690210819244385,18.732,46.661,127.809,0.019,254.832,1,0,10,3,10,im_end,box,hybrid
1787057804.567694,8.817076444625854,18.642,47.148,126.653,0.015,254.708,1,0,10,3,10,im_end,box,hybrid
1787057804.694875,8.944257497787476,18.408,47.192,126.994,0.014,253.827,1,0,10,3,10,im_end,box,hybrid
1787057804.8232412,9.07262372970581,18.665,46.9,128.189,0.015,255.367,1,0,10,3,10,im_end,box,hybrid
1787057804.9526541,9.202036619186401,18.288,47.997,129.22,0.025,257.59,1,0,10,3,10,im_end,box,hybrid
1787057805.0794697,9.32885217666626,18.469,47.713,126.635,0.022,256.052,1,0,10,3,10,im_end,box,hybrid
1787057805.2063463,9.455728769302368,18.382,47.094,126.7,0.013,253.515,1,0,10,3,10,im_end,box,hybrid
1787057805.3336067,9.58298921585083,18.305,47.261,127.051,0.014,253.958,1,0,10,3,10,im_end,box,hybrid
1787057805.46182,9.711202383041382,18.77,46.894,128.036,0.014,255.258,1,0,10,3,10,im_end,box,hybrid
1787057805.5895596,9.838942050933838,18.766,46.833,127.555,0.018,255.769,1,0,10,3,10,im_end,box,hybrid
1787057805.7167408,9.966123342514038,18.167,47.731,127.006,0.014,254.741,1,0,10,3,10,im_end,box,hybrid
1787057805.843809,10.093191385269165,18.447,47.125,126.895,0.014,254.062,1,0,10,3,10,im_end,box,hybrid
1787057805.9710317,10.220414161682129,18.373,47.27,127.048,0.014,254.115,1,0,10,3,10,im_end,box,hybrid
1787057806.1003938,10.349776268005371,18.494,47.018,129.178,0.015,256.403,1,0,10,3,10,im_end,box,hybrid
1787057806.232081,10.481463432312012,18.511,48.192,131.517,0.014,260.869,1,0,10,3,10,im_end,box,hybrid
1787057806.3601556,10.609538078308105,18.6,47.66,127.858,0.015,259.578,1,0,10,3,10,im_end,box,hybrid
1787057806.4871478,10.736530303955078,18.289,47.194,126.823,0.015,254.853,1,0,10,3,10,im_end,box,hybrid
1787057806.6146042,10.863986730575562,18.218,47.425,127.247,0.013,254.271,1,0,10,3,10,im_end,box,hybrid
1787057806.7415357,10.990918159484863,18.268,47.2,126.715,0.014,254.175,1,0,10,3,10,im_end,box,hybrid
1787057806.8684793,11.1178617477417,18.667,46.795,126.738,0.015,253.63,1,0,10,3,10,im_end,box,hybrid
1787057806.9955225,11.2449049949646,18.352,47.316,126.788,0.013,253.801,1,0,10,3,10,im_end,box,hybrid
1787057807.1230636,11.372446060180664,18.617,46.87,127.335,0.014,254.349,1,0,10,3,10,im_end,box,hybrid
1787057807.2502034,11.4995858669281,18.188,47.239,126.967,0.014,254.469,1,0,10,3,10,im_end,box,hybrid
1787057807.3798804,11.629262924194336,18.232,47.373,129.5,0.015,256.636,1,0,10,3,10,im_end,box,hybrid
1787057807.509971,11.759353399276733,18.268,48.104,129.888,0.014,259.588,1,0,10,3,10,im_end,box,hybrid
1787057807.6374004,11.886782884597778,18.633,47.684,127.248,0.014,257.309,1,0,10,3,10,im_end,box,hybrid
1787057807.7655964,12.014978885650635,18.549,46.967,128.017,0.015,255.444,1,0,10,3,10,im_end,box,hybrid
1787057807.8921516,12.141534090042114,18.492,47.025,126.377,0.015,254.572,1,0,10,3,10,im_end,box,hybrid
1787057808.021478,12.270860433578491,18.234,47.103,129.117,0.015,255.703,1,0,10,3,10,im_end,box,hybrid
1787057808.147799,12.397181510925293,18.321,47.133,126.125,0.029,255.424,1,0,10,3,10,im_end,box,hybrid
1787057808.2748792,12.524261713027954,18.237,47.046,126.907,0.013,253.227,1,0,10,3,10,im_end,box,hybrid
1787057808.4022877,12.651670217514038,18.443,47.507,127.23,0.015,254.309,1,0,10,3,10,im_end,box,hybrid
1787057808.5294049,12.77878737449646,18.715,46.873,126.93,0.014,254.332,1,0,10,3,10,im_end,box,hybrid
1787057808.660004,12.909386396408081,19.144,46.241,130.393,0.014,257.534,1,0,10,3,10,im_end,box,hybrid
1787057808.789244,13.038626432418823,18.191,47.882,129.069,0.013,259.636,1,0,10,3,10,im_end,box,hybrid
1787057808.9158013,13.165183782577515,18.237,47.965,126.376,0.016,255.62,1,0,10,3,10,im_end,box,hybrid
1787057809.042704,13.292086601257324,18.269,47.093,126.719,0.013,253.28,1,0,10,3,10,im_end,box,hybrid
1787057809.169527,13.418909549713135,18.28,47.171,126.616,0.014,253.54,1,0,10,3,10,im_end,box,hybrid
1787057809.297782,13.54716444015503,18.292,47.351,128.071,0.014,254.868,1,0,10,3,10,im_end,box,hybrid
1787057809.4257393,13.675121784210205,18.574,47.061,127.775,0.013,256.034,1,0,10,3,10,im_end,box,hybrid
1787057809.555036,13.804418563842773,18.274,47.204,129.129,0.014,257.073,1,0,10,3,10,im_end,box,hybrid
1787057809.6821773,13.931559801101685,18.577,47.0,126.97,0.013,256.267,1,0,10,3,10,im_end,box,hybrid
1787057809.810803,14.060185432434082,18.221,47.275,128.454,0.013,255.583,1,0,10,3,10,im_end,box,hybrid
1787057809.9406304,14.19001293182373,18.391,47.101,129.61,0.013,258.242,1,0,10,3,10,im_end,box,hybrid
1787057810.0697784,14.31916093826294,18.322,48.21,128.969,0.014,258.791,1,0,10,3,10,im_end,box,hybrid
1787057810.2001987,14.449581146240234,18.148,48.247,130.238,0.016,259.381,1,0,10,3,10,im_end,box,hybrid
1787057810.327572,14.57695460319519,18.551,47.163,127.151,0.016,257.608,1,0,10,3,10,im_end,box,hybrid
1787057810.4551606,14.704543113708496,18.395,47.147,127.407,0.015,254.74,1,0,10,3,10,im_end,box,hybrid
1787057810.581819,14.831201553344727,18.75,47.246,126.49,0.014,254.068,1,0,10,3,10,im_end,box,hybrid
1787057810.7087727,14.958155155181885,18.551,47.006,126.782,0.014,253.437,1,0,10,3,10,im_end,box,hybrid
1787057810.836166,15.085548400878906,18.486,46.97,127.219,0.014,254.175,1,0,10,3,10,im_end,box,hybrid
1787057810.9635901,15.212972640991211,18.495,47.3,127.226,0.014,254.624,1,0,10,3,10,im_end,box,hybrid
1787057811.0916803,15.341062784194946,18.302,47.567,127.915,0.013,255.31,1,0,10,3,10,im_end,box,hybrid
1787057811.2214546,15.470837116241455,18.544,47.052,129.598,0.015,257.685,1,0,10,3,10,im_end,box,hybrid
1787057811.3547485,15.604130983352661,18.478,47.823,133.112,0.014,262.895,1,0,10,3,10,im_end,box,hybrid
1787057811.485082,15.734464406967163,18.336,47.845,130.161,0.014,263.429,1,0,10,3,10,im_end,box,hybrid
1787057811.6114142,15.860796689987183,18.366,47.62,126.159,0.015,256.492,1,0,10,3,10,im_end,box,hybrid
1787057811.7383559,15.987738370895386,18.241,47.056,126.734,0.013,253.1,1,0,10,3,10,im_end,box,hybrid
1787057811.8649619,16.114344358444214,18.416,47.148,126.43,0.015,253.337,1,0,10,3,10,im_end,box,hybrid
1787057811.9940736,16.2434561252594,18.443,47.162,128.936,0.014,255.545,1,0,10,3,10,im_end,box,hybrid
1787057812.122539,16.37192153930664,18.825,46.831,128.29,0.015,257.402,1,0,10,3,10,im_end,box,hybrid
1787057812.2497482,16.499130725860596,18.327,47.314,127.038,0.016,255.497,1,0,10,3,10,im_end,box,hybrid
1787057812.3813841,16.63076663017273,18.512,47.252,131.465,0.014,258.679,1,0,10,3,10,im_end,box,hybrid
1787057812.511518,16.760900497436523,18.594,46.802,129.956,0.014,261.588,1,0,10,3,10,im_end,box,hybrid
1787057812.6398463,16.88922882080078,18.391,48.08,128.151,0.015,258.279,1,0,10,3,10,im_end,box,hybrid
1787057812.766538,17.015920400619507,18.831,47.709,126.516,0.013,254.844,1,0,10,3,10,im_end,box,hybrid
1787057812.8936756,17.14305806159973,18.656,47.011,126.964,0.013,253.65,1,0,10,3,10,im_end,box,hybrid
1787057813.0222669,17.27164936065674,18.514,47.363,128.393,0.013,255.556,1,0,10,3,10,im_end,box,hybrid
1787057813.1489213,17.398303747177124,18.475,46.929,126.493,0.013,255.046,1,0,10,3,10,im_end,box,hybrid
1787057813.2757998,17.525182247161865,18.459,47.381,126.706,0.015,253.358,1,0,10,3,10,im_end,box,hybrid
1787057813.4026399,17.65202236175537,18.41,47.36,126.672,0.014,253.547,1,0,10,3,10,im_end,box,hybrid
1787057813.5294905,17.778872966766357,18.306,47.329,126.679,0.014,253.518,1,0,10,3,10,im_end,box,hybrid
1787057813.6576746,17.90705704689026,18.217,47.359,128.003,0.015,254.855,1,0,10,3,10,im_end,box,hybrid
1787057813.7864306,18.035813093185425,18.35,47.431,128.577,0.014,256.764,1,0,10,3,10,im_end,box,hybrid
1787057813.9144287,18.163811206817627,18.482,47.717,127.814,0.016,256.558,1,0,10,3,10,im_end,box,hybrid
1787057814.0417368,18.29111933708191,18.475,47.595,127.131,0.014,255.121,1,0,10,3,10,im_end,box,hybrid
1787057814.169519,18.418901443481445,18.437,47.263,127.603,0.014,254.915,1,0,10,3,10,im_end,box,hybrid
1787057814.2961776,18.545560121536255,18.641,47.453,126.483,0.014,254.254,1,0,10,3,10,im_end,box,hybrid
1787057814.4222615,18.67164397239685,18.62,46.849,125.902,0.013,252.549,1,0,10,3,10,im_end,box,hybrid
1787057814.5485525,18.797935009002686,18.205,47.052,126.123,0.017,252.204,1,0,10,3,10,im_end,box,hybrid
1787057814.6764581,18.925840616226196,18.434,47.021,127.712,0.013,254.019,1,0,10,3,10,im_end,box,hybrid
1787057814.8044717,19.05385422706604,18.209,47.253,127.815,0.014,255.725,1,0,10,3,10,im_end,box,hybrid
1787057814.9331744,19.182556867599487,18.249,47.436,128.516,0.014,256.453,1,0,10,3,10,im_end,box,hybrid
1787057815.062248,19.311630487442017,18.644,46.785,128.902,0.014,257.582,1,0,10,3,10,im_end,box,hybrid
1787057815.1899998,19.439382314682007,18.604,47.662,127.571,0.013,256.65,1,0,10,3,10,im_end,box,hybrid
1787057815.3165877,19.565970182418823,18.449,47.676,126.354,0.013,254.144,1,0,10,3,10,im_end,box,hybrid
1787057815.4430466,19.692429065704346,18.128,47.486,126.275,0.015,252.825,1,0,10,3,10,im_end,box,hybrid
1787057815.5702028,19.81958532333374,18.726,46.669,126.983,0.013,253.432,1,0,10,3,10,im_end,box,hybrid
1787057815.696938,19.94632053375244,18.701,47.135,126.566,0.014,253.714,1,0,10,3,10,im_end,box,hybrid
1787057815.8239782,20.073360681533813,18.561,46.951,126.869,0.014,253.605,1,0,10,3,10,im_end,box,hybrid
1787057815.950393,20.199775457382202,18.348,47.452,126.249,0.015,253.292,1,0,10,3,10,im_end,box,hybrid
1787057816.0775375,20.32692003250122,18.677,46.84,126.937,0.013,253.379,1,0,10,3,10,im_end,box,hybrid
1787057816.206478,20.45586061477661,18.61,46.943,128.76,0.015,255.85,1,0,10,3,10,im_end,box,hybrid
1787057816.3369188,20.58630132675171,18.255,47.499,130.263,0.014,259.196,1,0,10,3,10,im_end,box,hybrid
1787057816.4651573,20.714539766311646,18.343,48.02,128.06,0.013,258.494,1,0,10,3,10,im_end,box,hybrid
1787057816.5919034,20.841285943984985,18.658,47.617,126.552,0.03,254.796,1,0,10,3,10,im_end,box,hybrid
1787057816.7179084,20.9672908782959,18.372,47.041,125.806,0.013,252.579,1,0,10,3,10,im_end,box,hybrid
1787057816.8452485,21.09463095664978,18.265,47.013,127.129,0.015,253.105,1,0,10,3,10,im_end,box,hybrid
1787057816.972536,21.22191858291626,19.112,46.483,127.111,0.013,254.442,1,0,10,3,10,im_end,box,hybrid
1787057817.0992296,21.348612070083618,18.745,46.976,126.478,0.013,253.801,1,0,10,3,10,im_end,box,hybrid
1787057817.2263882,21.475770711898804,18.812,46.694,126.984,0.013,253.634,1,0,10,3,10,im_end,box,hybrid
1787057817.3540173,21.603399753570557,18.532,47.043,127.461,0.014,254.608,1,0,10,3,10,im_end,box,hybrid
1787057817.4826357,21.73201823234558,18.224,47.145,128.44,0.016,256.071,1,0,10,3,10,im_end,box,hybrid
1787057817.6114712,21.860853672027588,18.939,46.545,128.625,0.016,257.267,1,0,10,3,10,im_end,box,hybrid
1787057817.7395842,21.988966703414917,18.646,47.6,127.939,0.014,256.736,1,0,10,3,10,im_end,box,hybrid
1787057817.8667216,22.116104125976562,18.412,47.872,126.96,0.015,255.074,1,0,10,3,10,im_end,box,hybrid
1787057817.9939377,22.24332022666931,18.219,47.354,127.014,0.014,254.173,1,0,10,3,10,im_end,box,hybrid
1787057818.1205962,22.369978666305542,18.482,47.494,126.458,0.014,253.643,1,0,10,3,10,im_end,box,hybrid
1787057818.2478426,22.497225046157837,18.285,47.227,127.046,0.013,253.697,1,0,10,3,10,im_end,box,hybrid
1787057818.3746316,22.624014139175415,18.197,47.201,126.573,0.013,253.854,1,0,10,3,10,im_end,box,hybrid
1787057818.5024545,22.751837015151978,18.332,47.084,127.653,0.014,254.393,1,0,10,3,10,im_end,box,hybrid
1787057818.6295516,22.878934144973755,18.796,47.7,126.923,0.014,254.745,1,0,10,3,10,im_end,box,hybrid
1787057818.7579055,23.007287979125977,18.533,47.072,128.165,0.02,255.267,1,0,10,3,10,im_end,box,hybrid
1787057818.8876448,23.137027263641357,18.423,47.156,129.539,0.014,257.888,1,0,10,3,10,im_end,box,hybrid
1787057819.0156684,23.265050888061523,18.202,47.938,127.842,0.015,257.577,1,0,10,3,10,im_end,box,hybrid
1787057819.142805,23.39218759536743,18.506,47.638,126.943,0.014,254.981,1,0,10,3,10,im_end,box,hybrid
1787057819.269599,23.518981456756592,18.795,46.731,126.609,0.013,253.727,1,0,10,3,10,im_end,box,hybrid
1787057819.3967056,23.646088123321533,18.678,46.738,126.922,0.014,253.71,1,0,10,3,10,im_end,box,hybrid
1787057819.5250564,23.774438858032227,18.411,47.018,128.133,0.015,255.231,1,0,10,3,10,im_end,box,hybrid
1787057819.6541202,23.903502702713013,18.441,47.011,128.897,0.014,257.24,1,0,10,3,10,im_end,box,hybrid
1787057819.7814672,24.03084969520569,18.444,47.218,127.175,0.013,256.235,1,0,10,3,10,im_end,box,hybrid
1787057819.909618,24.159000396728516,18.506,46.962,127.973,0.013,255.323,1,0,10,3,10,im_end,box,hybrid
1787057820.0388737,24.28825616836548,18.952,47.012,129.064,0.014,257.216,1,0,10,3,10,im_end,box,hybrid
1787057820.1687615,24.41814398765564,18.531,47.18,129.678,0.014,258.922,1,0,10,3,10,im_end,box,hybrid
1787057820.2963855,24.54576802253723,18.715,48.01,127.423,0.014,257.313,1,0,10,3,10,im_end,box,hybrid
1787057820.4233878,24.672770261764526,18.578,47.736,126.829,0.015,254.423,1,0,10,3,10,im_end,box,hybrid
1787057820.550252,24.79963445663452,18.333,47.256,126.688,0.014,253.694,1,0,10,3,10,im_end,box,hybrid
1787057820.6772647,24.926647186279297,18.413,47.123,126.834,0.016,253.687,1,0,10,3,10,im_end,box,hybrid
1787057820.8039768,25.053359270095825,18.444,47.373,126.534,0.014,253.544,1,0,10,3,10,im_end,box,hybrid
1787057820.9304535,25.17983603477478,18.151,47.262,126.299,0.014,253.008,1,0,10,3,10,im_end,box,hybrid
1787057821.0576484,25.30703091621399,19.003,46.263,127.021,0.014,253.489,1,0,10,3,10,im_end,box,hybrid
1787057821.184864,25.43424654006958,18.586,47.015,127.038,0.013,254.228,1,0,10,3,10,im_end,box,hybrid
1787057821.3133917,25.562774181365967,18.206,47.598,128.35,0.013,255.561,1,0,10,3,10,im_end,box,hybrid
1787057821.4427953,25.692177772521973,18.364,47.23,129.233,0.014,257.75,1,0,10,3,10,im_end,box,hybrid
1787057821.5711603,25.820542812347412,18.558,47.608,128.188,0.014,257.593,1,0,10,3,10,im_end,box,hybrid
1787057821.69928,25.948662519454956,18.725,47.565,127.906,0.014,256.299,1,0,10,3,10,im_end,box,hybrid
1787057821.826243,26.0756254196167,18.339,47.476,126.785,0.013,254.863,1,0,10,3,10,im_end,box,hybrid
1787057821.9544501,26.203832626342773,18.315,47.117,127.997,0.013,254.993,1,0,10,3,10,im_end,box,hybrid
1787057822.080916,26.33029842376709,18.338,47.133,126.297,0.014,254.456,1,0,10,3,10,im_end,box,hybrid
1787057822.2087696,26.458152055740356,18.254,47.313,127.666,0.013,254.132,1,0,10,3,10,im_end,box,hybrid
1787057822.3362403,26.585622787475586,18.145,47.328,127.232,0.013,255.12,1,0,10,3,10,im_end,box,hybrid
1787057822.465881,26.715263605117798,18.798,46.758,129.344,0.014,256.888,1,0,10,3,10,im_end,box,hybrid
1787057822.594898,26.8442804813385,18.819,46.705,128.847,0.014,258.357,1,0,10,3,10,im_end,box,hybrid
1787057822.7248962,26.974278688430786,18.134,47.458,129.811,0.016,258.839,1,0,10,3,10,im_end,box,hybrid
1787057822.8527117,27.102094173431396,18.45,47.784,127.55,0.062,257.585,1,0,10,3,10,im_end,box,hybrid
1787057822.9795804,27.228962898254395,18.697,47.887,126.599,0.013,254.497,1,0,10,3,10,im_end,box,hybrid
1787057823.1068833,27.356265783309937,18.598,46.948,127.128,0.014,253.899,1,0,10,3,10,im_end,box,hybrid
1787057823.234443,27.48382544517517,19.102,46.841,127.382,0.015,254.68,1,0,10,3,10,im_end,box,hybrid
1787057823.3616931,27.61107563972473,18.322,47.21,127.072,0.013,254.63,1,0,10,3,10,im_end,box,hybrid
1787057823.4879959,27.737378358840942,18.661,47.061,126.125,0.014,253.367,1,0,10,3,10,im_end,box,hybrid
1787057823.615318,27.86470055580139,18.435,47.016,127.154,0.013,253.445,1,0,10,3,10,im_end,box,hybrid
1787057823.742564,27.99194645881653,18.71,46.529,127.068,0.014,254.385,1,0,10,3,10,im_end,box,hybrid
1787057823.871183,28.12056541442871,18.934,46.626,128.436,0.014,255.684,1,0,10,3,10,im_end,box,hybrid
1787057824.0015635,28.250946044921875,18.535,47.481,130.203,0.014,258.81,1,0,10,3,10,im_end,box,hybrid
1787057824.1304977,28.37988018989563,18.708,47.448,128.76,0.014,259.132,1,0,10,3,10,im_end,box,hybrid
1787057824.2584488,28.50783133506775,18.977,47.275,127.779,0.014,256.709,1,0,10,3,10,im_end,box,hybrid
1787057824.3868039,28.636186361312866,18.857,46.787,127.608,0.014,256.136,1,0,10,3,10,im_end,box,hybrid
1787057824.5129583,28.762340784072876,18.5,47.875,125.986,0.015,254.333,1,0,10,3,10,im_end,box,hybrid
1787057824.6401248,28.889507293701172,18.629,46.723,126.997,0.013,253.144,1,0,10,3,10,im_end,box,hybrid
1787057824.7670057,29.016388177871704,18.509,47.279,126.696,0.014,253.873,1,0,10,3,10,im_end,box,hybrid
1787057824.894376,29.143758535385132,18.703,46.867,127.189,0.015,254.061,1,0,10,3,10,im_end,box,hybrid
1787057825.021271,29.27065348625183,18.375,47.051,126.719,0.013,254.086,1,0,10,3,10,im_end,box,hybrid
1787057825.149606,29.398988485336304,18.586,47.102,128.164,0.014,255.052,1,0,10,3,10,im_end,box,hybrid
1787057825.2786055,29.527987957000732,18.278,47.643,128.784,0.015,257.153,1,0,10,3,10,im_end,box,hybrid
1787057825.4060006,29.655383110046387,18.387,47.837,127.212,0.014,256.169,1,0,10,3,10,im_end,box,hybrid
1787057825.5328786,29.78226113319397,18.502,47.782,126.695,0.014,254.079,1,0,10,3,10,im_end,box,hybrid
1787057825.66038,29.909762382507324,18.604,47.338,127.317,0.016,254.187,1,0,10,3,10,im_end,box,hybrid
1787057825.7867668,30.036149263381958,18.472,47.208,126.215,0.013,253.708,1,0,10,3,10,im_end,box,hybrid
1787057825.9136317,30.16301417350769,18.725,46.88,126.691,0.015,253.079,1,0,10,3,10,im_end,box,hybrid
1787057826.041828,30.291210412979126,18.417,47.113,128.025,0.014,254.879,1,0,10,3,10,im_end,box,hybrid
1787057826.1692798,30.418662309646606,18.395,47.247,127.269,0.014,255.477,1,0,10,3,10,im_end,box,hybrid
1787057826.2963579,30.545740365982056,18.443,47.305,126.901,0.015,254.342,1,0,10,3,10,im_end,box,hybrid
1787057826.4256487,30.675031185150146,18.761,47.09,129.111,0.014,256.191,1,0,10,3,10,im_end,box,hybrid
1787057826.5557761,30.805158615112305,18.809,47.065,129.939,0.015,259.225,1,0,10,3,10,im_end,box,hybrid
1787057826.682977,30.93235945701599,18.536,47.661,126.997,0.014,257.155,1,0,10,3,10,im_end,box,hybrid
1787057826.8098626,31.059245109558105,19.018,47.061,126.716,0.015,253.869,1,0,10,3,10,im_end,box,hybrid
1787057826.936769,31.1861515045166,18.642,47.021,126.729,0.013,253.622,1,0,10,3,10,im_end,box,hybrid
1787057827.0647576,31.31414008140564,19.133,46.404,127.805,0.013,254.71,1,0,10,3,10,im_end,box,hybrid
1787057827.1916506,31.441033124923706,18.571,46.944,126.716,0.016,254.694,1,0,10,3,10,im_end,box,hybrid
1787057827.3179846,31.56736707687378,18.63,46.866,126.163,0.015,253.05,1,0,10,3,10,im_end,box,hybrid
1787057827.4448638,31.694246292114258,18.633,46.863,126.701,0.015,253.037,1,0,10,3,10,im_end,box,hybrid
1787057827.5724099,31.821792364120483,18.254,47.424,127.341,0.033,254.233,1,0,10,3,10,im_end,box,hybrid
1787057827.7015865,31.950968980789185,18.31,47.228,128.975,0.015,256.54,1,0,10,3,10,im_end,box,hybrid
1787057827.8303869,32.07976937294006,19.315,47.046,128.614,0.014,257.771,1,0,10,3,10,im_end,box,hybrid
1787057827.958014,32.207396507263184,18.512,47.686,127.416,0.014,256.238,1,0,10,3,10,im_end,box,hybrid
1787057828.0856123,32.33499479293823,18.315,47.648,127.421,0.015,255.015,1,0,10,3,10,im_end,box,hybrid
1787057828.2124157,32.46179819107056,18.535,46.974,126.642,0.014,254.23,1,0,10,3,10,im_end,box,hybrid
1787057828.3390167,32.588399171829224,18.343,47.595,126.407,0.014,253.227,1,0,10,3,10,im_end,box,hybrid
1787057828.46611,32.715492486953735,18.371,47.096,126.917,0.013,253.515,1,0,10,3,10,im_end,box,hybrid
1787057828.593225,32.842607498168945,18.649,46.971,126.939,0.014,254.023,1,0,10,3,10,im_end,box,hybrid
1787057828.7202988,32.96968126296997,18.89,46.673,126.903,0.014,254.011,1,0,10,3,10,im_end,box,hybrid
1787057828.8468082,33.09619069099426,18.614,47.121,126.337,0.015,253.411,1,0,10,3,10,im_end,box,hybrid
1787057828.9759343,33.225316762924194,18.656,46.87,128.936,0.014,255.453,1,0,10,3,10,im_end,box,hybrid
1787057829.105017,33.35439944267273,18.447,47.53,128.907,0.015,258.024,1,0,10,3,10,im_end,box,hybrid
1787057829.2344863,33.48386883735657,18.811,47.319,129.295,0.014,258.378,1,0,10,3,10,im_end,box,hybrid
1787057829.3621135,33.61149597167969,18.845,47.147,127.445,0.014,256.921,1,0,10,3,10,im_end,box,hybrid
1787057829.4891415,33.738523960113525,18.249,47.366,126.324,0.014,254.473,1,0,10,3,10,im_end,box,hybrid
1787057829.6180341,33.86741662025452,18.535,47.519,128.723,0.014,255.748,1,0,10,3,10,im_end,box,hybrid
1787057829.745271,33.99465346336365,18.28,47.133,127.061,0.015,255.948,1,0,10,3,10,im_end,box,hybrid
1787057829.8720458,34.12142825126648,18.544,46.837,126.597,0.013,253.836,1,0,10,3,10,im_end,box,hybrid
1787057829.9989796,34.24836206436157,18.724,46.922,126.76,0.014,253.524,1,0,10,3,10,im_end,box,hybrid
1787057830.1260712,34.37545371055603,18.774,46.876,126.912,0.013,253.845,1,0,10,3,10,im_end,box,hybrid
1787057830.2554827,34.50486516952515,18.642,46.993,129.237,0.014,256.318,1,0,10,3,10,im_end,box,hybrid
1787057830.3857672,34.63514971733093,18.3,47.792,130.069,0.015,259.52,1,0,10,3,10,im_end,box,hybrid
1787057830.5124824,34.76186490058899,18.344,48.438,126.547,0.014,256.789,1,0,10,3,10,im_end,box,hybrid
1787057830.6393888,34.888771295547485,18.285,47.694,126.674,0.014,253.436,1,0,10,3,10,im_end,box,hybrid
1787057830.7661505,35.01553297042847,18.305,47.032,126.587,0.014,253.431,1,0,10,3,10,im_end,box,hybrid
1787057830.8931444,35.14252686500549,18.648,47.053,126.816,0.013,253.577,1,0,10,3,10,im_end,box,hybrid
1787057831.0197332,35.269115686416626,18.23,47.572,126.413,0.015,253.403,1,0,10,3,10,im_end,box,hybrid
1787057831.146277,35.39565944671631,18.646,46.722,126.366,0.013,252.955,1,0,10,3,10,im_end,box,hybrid
1787057831.2735121,35.522894620895386,18.291,47.409,127.057,0.013,253.591,1,0,10,3,10,im_end,box,hybrid
1787057831.4015963,35.650978803634644,18.38,47.16,127.91,0.013,255.14,1,0,10,3,10,im_end,box,hybrid
1787057831.5307271,35.78010964393616,19.099,46.585,128.956,0.015,257.029,1,0,10,3,10,im_end,box,hybrid
1787057831.660553,35.90993547439575,18.517,47.635,129.629,0.014,258.775,1,0,10,3,10,im_end,box,hybrid
1787057831.7872913,36.03667378425598,18.693,47.959,126.499,0.013,256.374,1,0,10,3,10,im_end,box,hybrid
1787057831.9142532,36.16363573074341,18.234,47.651,126.796,0.013,253.459,1,0,10,3,10,im_end,box,hybrid
1787057832.041455,36.29083752632141,18.492,46.951,126.512,0.015,253.982,1,0,10,3,10,im_end,box,hybrid
1787057832.1689012,36.41828370094299,18.708,46.792,127.265,0.015,253.956,1,0,10,3,10,im_end,box,hybrid
1787057832.295829,36.54521155357361,18.368,47.202,126.756,0.013,254.193,1,0,10,3,10,im_end,box,hybrid
1787057832.423366,36.67274856567383,18.201,47.448,127.352,0.013,254.293,1,0,10,3,10,im_end,box,hybrid
1787057832.5536425,36.803025007247925,18.536,47.082,130.099,0.014,257.625,1,0,10,3,10,im_end,box,hybrid
1787057832.681123,36.9305055141449,18.255,47.586,127.315,0.013,257.578,1,0,10,3,10,im_end,box,hybrid
1787057832.8100042,37.05938673019409,18.559,47.08,128.709,0.013,256.186,1,0,10,3,10,im_end,box,hybrid
1787057832.9388957,37.18827819824219,18.582,47.552,128.696,0.014,257.572,1,0,10,3,10,im_end,box,hybrid
1787057833.0665503,37.315932750701904,18.65,47.418,127.445,0.013,256.372,1,0,10,3,10,im_end,box,hybrid
1787057833.195712,37.4450945854187,18.389,47.829,128.94,0.014,256.601,1,0,10,3,10,im_end,box,hybrid
1787057833.3231788,37.572561264038086,18.249,47.268,126.702,0.014,256.397,1,0,10,3,10,im_end,box,hybrid
1787057833.4516995,37.70108199119568,18.459,47.685,128.347,0.014,255.813,1,0,10,3,10,im_end,box,hybrid
1787057833.5787532,37.82813572883606,18.631,46.952,126.863,0.015,255.391,1,0,10,3,10,im_end,box,hybrid
1787057833.7059472,37.95532965660095,18.177,47.545,127.017,0.013,254.059,1,0,10,3,10,im_end,box,hybrid
1787057833.833752,38.0831344127655,19.098,46.503,127.628,0.014,254.819,1,0,10,3,10,im_end,box,hybrid
1787057833.9611084,38.21049094200134,18.636,46.892,127.173,0.013,254.98,1,0,10,3,10,im_end,box,hybrid
1787057834.0909514,38.34033393859863,18.393,47.113,129.658,0.015,257.006,1,0,10,3,10,im_end,box,hybrid
1787057834.221486,38.4708685874939,18.599,47.645,130.36,0.014,260.196,1,0,10,3,10,im_end,box,hybrid
1787057834.3479521,38.59733462333679,18.164,47.997,126.297,0.015,256.83,1,0,10,3,10,im_end,box,hybrid
1787057834.4749603,38.724342823028564,18.793,46.649,126.836,0.014,253.291,1,0,10,3,10,im_end,box,hybrid
1787057834.6028695,38.85225200653076,18.598,46.98,127.724,0.014,254.733,1,0,10,3,10,im_end,box,hybrid
1787057834.7294273,38.97880983352661,18.838,47.074,126.364,0.015,254.281,1,0,10,3,10,im_end,box,hybrid
1787057834.8576853,39.107067823410034,18.735,46.707,128.075,0.013,254.621,1,0,10,3,10,im_end,box,hybrid
1787057834.989967,39.239349603652954,18.993,46.498,132.11,0.014,260.35,1,0,10,3,10,im_end,box,hybrid
1787057835.1165228,39.36590528488159,18.157,47.204,126.38,0.014,258.66,1,0,10,3,10,im_end,box,hybrid
1787057835.243473,39.49285554885864,18.153,47.232,126.721,0.015,253.327,1,0,10,3,10,im_end,box,hybrid
1787057835.3721683,39.62155079841614,18.474,47.813,128.451,0.015,255.392,1,0,10,3,10,im_end,box,hybrid
1787057835.5012214,39.750603914260864,18.647,47.405,128.881,0.013,257.503,1,0,10,3,10,im_end,box,hybrid
1787057835.628243,39.877625465393066,18.396,48.003,126.841,0.014,255.893,1,0,10,3,10,im_end,box,hybrid
1787057835.7563498,40.00573229789734,18.847,46.691,127.933,0.015,254.948,1,0,10,3,10,im_end,box,hybrid
1787057835.884507,40.1338894367218,18.537,47.431,127.985,0.013,256.086,1,0,10,3,10,im_end,box,hybrid
1787057836.0112367,40.260619163513184,18.739,46.896,126.527,0.015,254.703,1,0,10,3,10,im_end,box,hybrid
1787057836.1379194,40.38730192184448,18.478,47.983,126.505,0.015,253.153,1,0,10,3,10,im_end,box,hybrid
1787057836.2645316,40.51391410827637,18.447,47.408,126.437,0.014,253.116,1,0,10,3,10,im_end,box,hybrid
1787057836.3908231,40.64020562171936,18.427,47.104,126.081,0.015,252.725,1,0,10,3,10,im_end,box,hybrid
1787057836.5184326,40.76781511306763,18.443,46.909,127.439,0.015,253.693,1,0,10,3,10,im_end,box,hybrid
1787057836.6474154,40.89679789543152,18.473,47.053,128.8,0.016,256.413,1,0,10,3,10,im_end,box,hybrid
1787057836.7785115,41.027894020080566,18.508,47.799,130.887,0.015,259.898,1,0,10,3,10,im_end,box,hybrid
1787057836.9069545,41.15633702278137,19.513,47.285,128.269,0.013,259.328,1,0,10,3,10,im_end,box,hybrid
1787057837.034377,41.28375959396362,18.736,47.104,127.253,0.013,255.691,1,0,10,3,10,im_end,box,hybrid
1787057837.1615942,41.41097664833069,18.759,47.142,127.048,0.013,254.466,1,0,10,3,10,im_end,box,hybrid
1787057837.2887893,41.53817176818848,18.524,47.071,127.024,0.013,254.238,1,0,10,3,10,im_end,box,hybrid
1787057837.4150798,41.66446232795715,18.524,46.914,126.126,0.015,253.311,1,0,10,3,10,im_end,box,hybrid
1787057837.5414667,41.79084920883179,18.44,47.103,126.213,0.015,252.507,1,0,10,3,10,im_end,box,hybrid
1787057837.6690593,41.91844177246094,18.468,46.983,127.408,0.014,253.804,1,0,10,3,10,im_end,box,hybrid
1787057837.7961578,42.04554033279419,18.683,46.981,126.921,0.014,254.499,1,0,10,3,10,im_end,box,hybrid
1787057837.9252155,42.17459797859192,18.575,46.99,128.884,0.013,255.977,1,0,10,3,10,im_end,box,hybrid
1787057838.0537732,42.30315566062927,18.935,47.371,128.352,0.014,257.44,1,0,10,3,10,im_end,box,hybrid
1787057838.1816015,42.430984020233154,18.614,47.709,127.651,0.015,256.177,1,0,10,3,10,im_end,box,hybrid
1787057838.309125,42.558507442474365,18.361,47.62,127.354,0.014,255.161,1,0,10,3,10,im_end,box,hybrid
1787057838.436472,42.68585443496704,18.285,47.228,127.17,0.015,254.691,1,0,10,3,10,im_end,box,hybrid
1787057838.5630848,42.81246733665466,18.739,47.063,126.406,0.014,253.783,1,0,10,3,10,im_end,box,hybrid
1787057838.6895442,42.938926696777344,18.451,46.997,126.284,0.014,252.859,1,0,10,3,10,im_end,box,hybrid
1787057838.8160644,43.065446853637695,18.493,46.992,126.348,0.014,252.809,1,0,10,3,10,im_end,box,hybrid
1787057838.944928,43.194310426712036,18.499,47.079,128.693,0.014,255.209,1,0,10,3,10,im_end,box,hybrid
1787057839.0747528,43.324135303497314,18.768,46.81,129.648,0.014,258.515,1,0,10,3,10,im_end,box,hybrid
1787057839.2075913,43.45697379112244,18.754,47.077,132.658,0.013,262.482,1,0,10,3,10,im_end,box,hybrid
1787057839.3366852,43.58606767654419,19.311,46.981,128.914,0.014,261.724,1,0,10,3,10,im_end,box,hybrid
1787057839.464244,43.71362638473511,18.93,47.42,127.381,0.013,256.471,1,0,10,3,10,im_end,box,hybrid
1787057839.5915964,43.8409788608551,18.545,46.852,127.171,0.014,254.728,1,0,10,3,10,im_end,box,hybrid
1787057839.7183814,43.967763900756836,18.955,46.636,126.606,0.014,253.951,1,0,10,3,10,im_end,box,hybrid
1787057839.846518,44.095900535583496,18.322,47.196,127.955,0.014,254.734,1,0,10,3,10,im_end,box,hybrid
1787057839.974651,44.22403359413147,18.462,47.334,127.949,0.013,256.071,1,0,10,3,10,im_end,box,hybrid
1787057840.1027427,44.35212516784668,19.199,46.444,127.911,0.014,256.039,1,0,10,3,10,im_end,box,hybrid
1787057840.2298963,44.479278802871704,18.519,47.826,126.974,0.015,255.059,1,0,10,3,10,im_end,box,hybrid
1787057840.361475,44.61085748672485,18.691,46.803,131.368,0.013,258.548,1,0,10,3,10,im_end,box,hybrid
1787057840.4929547,44.742337226867676,18.363,47.134,131.297,0.014,262.837,1,0,10,3,10,im_end,box,hybrid
1787057840.622454,44.8718364238739,18.858,47.52,129.327,0.013,260.802,1,0,10,3,10,im_end,box,hybrid
1787057840.7513354,45.000717878341675,18.428,47.958,128.19,0.013,258.205,1,0,10,3,10,im_end,box,hybrid
1787057840.8783596,45.12774205207825,18.694,47.606,126.849,0.014,255.73,1,0,10,3,10,im_end,box,hybrid
1787057841.0053606,45.25474309921265,18.494,47.125,126.826,0.013,253.846,1,0,10,3,10,im_end,box,hybrid
1787057841.132779,45.382161378860474,18.348,47.131,127.239,0.013,254.238,1,0,10,3,10,im_end,box,hybrid
1787057841.2598255,45.50920796394348,18.169,47.596,126.873,0.014,254.279,1,0,10,3,10,im_end,box,hybrid
1787057841.3878443,45.637226819992065,18.824,46.67,127.845,0.013,254.894,1,0,10,3,10,im_end,box,hybrid
1787057841.5147824,45.76416492462158,18.569,47.088,126.773,0.013,254.784,1,0,10,3,10,im_end,box,hybrid
1787057841.6452408,45.89462327957153,18.674,46.942,130.286,0.013,257.216,1,0,10,3,10,im_end,box,hybrid
1787057841.7789106,46.02829313278198,18.701,46.931,133.458,0.016,263.942,1,0,10,3,10,im_end,box,hybrid
1787057841.908655,46.158037424087524,18.528,47.76,129.552,0.033,263.203,1,0,10,3,10,im_end,box,hybrid
1787057842.035322,46.2847044467926,18.48,48.356,126.47,0.013,256.232,1,0,10,3,10,im_end,box,hybrid
1787057842.16293,46.412312507629395,18.455,47.049,127.431,0.015,254.053,1,0,10,3,10,im_end,box,hybrid
1787057842.2894905,46.538872957229614,18.613,46.828,126.383,0.014,253.993,1,0,10,3,10,im_end,box,hybrid
1787057842.4159646,46.6653470993042,18.584,46.899,126.3,0.015,252.85,1,0,10,3,10,im_end,box,hybrid
1787057842.5423484,46.791730880737305,18.517,46.808,126.207,0.014,252.681,1,0,10,3,10,im_end,box,hybrid
1787057842.6693747,46.91875720024109,18.518,47.086,126.847,0.015,253.227,1,0,10,3,10,im_end,box,hybrid
1787057842.7967706,47.04615306854248,18.212,47.271,127.172,0.059,254.236,1,0,10,3,10,im_end,box,hybrid
1787057842.9242141,47.17359662055969,19.132,46.674,127.266,0.015,254.657,1,0,10,3,10,im_end,box,hybrid
1787057843.052743,47.302125453948975,18.459,46.833,128.331,0.013,255.795,1,0,10,3,10,im_end,box,hybrid
1787057843.1802256,47.42960810661316,18.272,47.882,127.312,0.014,255.819,1,0,10,3,10,im_end,box,hybrid
1787057843.3080213,47.557403802871704,18.215,47.744,127.627,0.014,255.095,1,0,10,3,10,im_end,box,hybrid
1787057843.4354088,47.68479132652283,18.692,47.412,127.213,0.014,255.012,1,0,10,3,10,im_end,box,hybrid
1787057843.5625427,47.811925172805786,18.38,47.272,126.96,0.014,254.343,1,0,10,3,10,im_end,box,hybrid
1787057843.6962175,47.9456000328064,18.476,46.976,133.501,0.013,260.634,1,0,10,3,10,im_end,box,hybrid
1787057843.823839,48.07322144508362,18.534,47.016,127.449,0.014,261.115,1,0,10,3,10,im_end,box,hybrid
1787057843.951568,48.200950384140015,18.614,47.233,127.559,0.014,255.175,1,0,10,3,10,im_end,box,hybrid
1787057844.0781112,48.32749366760254,18.524,47.052,126.368,0.013,254.096,1,0,10,3,10,im_end,box,hybrid
1787057844.2080047,48.4573872089386,18.353,47.184,129.708,0.015,256.255,1,0,10,3,10,im_end,box,hybrid
1787057844.3383646,48.58774709701538,18.617,47.297,130.181,0.014,260.067,1,0,10,3,10,im_end,box,hybrid
1787057844.4674094,48.71679186820984,18.729,47.744,128.872,0.014,259.223,1,0,10,3,10,im_end,box,hybrid
1787057844.5947824,48.84416484832764,18.291,48.011,127.195,0.015,256.237,1,0,10,3,10,im_end,box,hybrid
1787057844.7217064,48.971088886260986,18.423,47.099,126.739,0.014,254.115,1,0,10,3,10,im_end,box,hybrid
1787057844.8501413,49.0995237827301,18.597,46.98,128.269,0.012,255.181,1,0,10,3,10,im_end,box,hybrid
1787057844.9765537,49.2259361743927,19.065,46.468,126.244,0.014,254.665,1,0,10,3,10,im_end,box,hybrid
1787057845.1038868,49.35326933860779,18.429,47.026,127.121,0.013,253.573,1,0,10,3,10,im_end,box,hybrid
1787057845.2310896,49.48047208786011,18.995,46.678,127.01,0.014,254.3,1,0,10,3,10,im_end,box,hybrid
1787057845.3583426,49.60772514343262,18.352,47.199,127.011,0.017,254.282,1,0,10,3,10,im_end,box,hybrid
1787057845.4865563,49.73593878746033,18.555,47.262,128.044,0.014,255.23,1,0,10,3,10,im_end,box,hybrid
1787057845.615804,49.8651864528656,18.813,47.134,129.08,0.013,257.286,1,0,10,3,10,im_end,box,hybrid
1787057845.743644,49.99302649497986,18.806,47.5,127.671,0.013,256.916,1,0,10,3,10,im_end,box,hybrid
1787057845.8706744,50.12005686759949,18.641,47.74,126.85,0.015,254.697,1,0,10,3,10,im_end,box,hybrid
1787057845.9983377,50.24772024154663,19.063,46.665,127.486,0.016,254.512,1,0,10,3,10,im_end,box,hybrid
1787057846.1251025,50.37448501586914,18.471,47.632,126.555,0.014,254.214,1,0,10,3,10,im_end,box,hybrid
1787057846.2518055,50.50118803977966,18.548,46.906,126.539,0.014,253.291,1,0,10,3,10,im_end,box,hybrid
1787057846.3784313,50.62781381607056,18.605,46.988,126.455,0.013,253.156,1,0,10,3,10,im_end,box,hybrid
1787057846.5060914,50.75547385215759,18.491,47.129,127.486,0.014,254.114,1,0,10,3,10,im_end,box,hybrid
1787057846.6341236,50.883506059646606,18.338,47.206,127.853,0.013,255.517,1,0,10,3,10,im_end,box,hybrid
1787057846.7622287,51.011611223220825,18.747,46.794,127.892,0.015,255.946,1,0,10,3,10,im_end,box,hybrid
1787057846.8913484,51.14073085784912,18.561,47.009,128.93,0.014,257.008,1,0,10,3,10,im_end,box,hybrid
1787057847.0200863,51.269468784332275,18.663,47.704,128.56,0.014,257.656,1,0,10,3,10,im_end,box,hybrid
1787057847.146513,51.39589548110962,18.489,47.608,126.245,0.013,254.982,1,0,10,3,10,im_end,box,hybrid
1787057847.2730188,51.522401332855225,18.613,46.902,126.326,0.015,252.747,1,0,10,3,10,im_end,box,hybrid
1787057847.3996208,51.64900326728821,18.445,47.002,126.431,0.014,252.922,1,0,10,3,10,im_end,box,hybrid
1787057847.5265796,51.775962114334106,18.626,47.006,126.787,0.015,253.388,1,0,10,3,10,im_end,box,hybrid
1787057847.6526473,51.90202975273132,18.551,47.007,125.881,0.038,252.861,1,0,10,3,10,im_end,box,hybrid
1787057847.7787771,52.028159618377686,18.593,46.988,125.963,0.014,252.02,1,0,10,3,10,im_end,box,hybrid
1787057847.9058042,52.15518665313721,18.536,47.033,126.853,0.014,252.989,1,0,10,3,10,im_end,box,hybrid
1787057848.0342035,52.28358602523804,18.44,47.017,128.19,0.013,255.246,1,0,10,3,10,im_end,box,hybrid
1787057848.1636004,52.41298294067383,18.871,46.862,129.209,0.016,257.583,1,0,10,3,10,im_end,box,hybrid
1787057848.2913508,52.540733337402344,19.117,47.384,127.575,0.014,256.962,1,0,10,3,10,im_end,box,hybrid
1787057848.41801,52.66739249229431,18.682,47.621,126.488,0.014,254.23,1,0,10,3,10,im_end,box,hybrid
1787057848.5447392,52.794121742248535,18.58,46.941,126.551,0.013,253.191,1,0,10,3,10,im_end,box,hybrid
1787057848.6721768,52.92155933380127,18.148,47.327,127.261,0.016,253.989,1,0,10,3,10,im_end,box,hybrid
1787057848.7995632,53.0489456653595,18.185,47.725,127.208,0.015,254.644,1,0,10,3,10,im_end,box,hybrid
1787057848.9266999,53.176082372665405,18.262,47.308,126.958,0.017,254.345,1,0,10,3,10,im_end,box,hybrid
1787057849.055233,53.30461549758911,18.507,47.15,128.309,0.016,255.45,1,0,10,3,10,im_end,box,hybrid
1787057849.183771,53.4331533908844,18.525,46.977,128.372,0.013,256.9,1,0,10,3,10,im_end,box,hybrid
1787057849.3129892,53.56237173080444,18.513,47.08,129.031,0.015,257.566,1,0,10,3,10,im_end,box,hybrid
1787057849.442298,53.69168043136597,18.347,47.314,129.11,0.015,258.328,1,0,10,3,10,im_end,box,hybrid
1787057849.5697796,53.819162130355835,18.417,48.052,127.301,0.014,256.601,1,0,10,3,10,im_end,box,hybrid
1787057849.6975012,53.94688367843628,18.697,47.563,127.54,0.014,255.02,1,0,10,3,10,im_end,box,hybrid
1787057849.8246214,54.07400393486023,18.825,46.813,126.922,0.013,254.635,1,0,10,3,10,im_end,box,hybrid
1787057849.9505737,54.19995617866516,18.169,47.479,125.788,0.014,252.902,1,0,10,3,10,im_end,box,hybrid
1787057850.0767286,54.32611107826233,18.596,46.806,125.98,0.013,251.931,1,0,10,3,10,im_end,box,hybrid
1787057850.203504,54.4528865814209,18.253,47.272,126.599,0.014,252.753,1,0,10,3,10,im_end,box,hybrid
1787057850.330522,54.579904556274414,18.267,47.314,126.773,0.014,253.618,1,0,10,3,10,im_end,box,hybrid
1787057850.4568846,54.70626711845398,18.753,47.402,126.188,0.015,253.128,1,0,10,3,10,im_end,box,hybrid
1787057850.585052,54.834434509277344,18.509,46.882,127.99,0.014,254.356,1,0,10,3,10,im_end,box,hybrid
1787057850.714691,54.96407341957092,18.414,47.073,129.472,0.013,257.633,1,0,10,3,10,im_end,box,hybrid
1787057850.8433592,55.09274172782898,18.497,47.735,128.501,0.014,258.135,1,0,10,3,10,im_end,box,hybrid
1787057850.9703465,55.21972894668579,18.702,47.725,126.689,0.014,255.481,1,0,10,3,10,im_end,box,hybrid
1787057851.0976357,55.347018241882324,18.422,47.167,127.111,0.015,253.975,1,0,10,3,10,im_end,box,hybrid
1787057851.224039,55.473421573638916,18.528,46.83,126.232,0.015,253.136,1,0,10,3,10,im_end,box,hybrid
1787057851.3509512,55.60033369064331,18.921,46.606,126.727,0.016,253.137,1,0,10,3,10,im_end,box,hybrid
1787057851.477046,55.726428508758545,18.563,46.897,125.922,0.015,252.811,1,0,10,3,10,im_end,box,hybrid
1787057851.6041014,55.85348391532898,18.457,46.966,126.878,0.013,252.976,1,0,10,3,10,im_end,box,hybrid
1787057851.7305126,55.97989511489868,18.432,47.138,126.174,0.014,253.287,1,0,10,3,10,im_end,box,hybrid
1787057851.859635,56.10901761054993,18.248,47.186,128.953,0.014,255.288,1,0,10,3,10,im_end,box,hybrid
1787057851.9881446,56.2375271320343,18.61,46.826,128.334,0.016,257.456,1,0,10,3,10,im_end,box,hybrid
1787057852.1158223,56.36520481109619,18.336,47.681,127.497,0.014,256.016,1,0,10,3,10,im_end,box,hybrid
1787057852.2428925,56.49227499961853,18.558,47.52,126.898,0.015,254.562,1,0,10,3,10,im_end,box,hybrid
1787057852.3702397,56.619622230529785,18.383,47.268,127.168,0.014,254.24,1,0,10,3,10,im_end,box,hybrid
1787057852.4978688,56.74725127220154,18.61,46.977,127.453,0.014,254.79,1,0,10,3,10,im_end,box,hybrid
1787057852.6243515,56.87373399734497,18.633,47.168,126.307,0.015,253.929,1,0,10,3,10,im_end,box,hybrid
1787057852.7503183,56.99970078468323,18.304,47.23,125.796,0.013,252.279,1,0,10,3,10,im_end,box,hybrid
1787057852.878561,57.12794351577759,18.454,47.045,128.066,0.014,254.03,1,0,10,3,10,im_end,box,hybrid
1787057853.006067,57.255449533462524,18.413,47.085,127.289,0.013,255.57,1,0,10,3,10,im_end,box,hybrid
1787057853.1348336,57.38421607017517,18.435,47.689,128.591,0.013,256.051,1,0,10,3,10,im_end,box,hybrid
1787057853.2642508,57.513633251190186,18.624,47.138,129.235,0.015,258.004,1,0,10,3,10,im_end,box,hybrid
1787057853.3956277,57.645010232925415,18.258,48.07,131.192,0.014,260.613,1,0,10,3,10,im_end,box,hybrid
1787057853.523444,57.77282643318176,18.663,47.44,127.639,0.015,259.0,1,0,10,3,10,im_end,box,hybrid
1787057853.6499953,57.89937782287598,18.587,46.825,126.377,0.014,253.765,1,0,10,3,10,im_end,box,hybrid
1787057853.7769644,58.026346921920776,18.356,47.212,126.793,0.015,253.336,1,0,10,3,10,im_end,box,hybrid
1787057853.9041224,58.153504848480225,18.121,47.558,126.984,0.015,253.947,1,0,10,3,10,im_end,box,hybrid
1787057854.0314937,58.28087615966797,18.283,47.543,127.189,0.013,254.352,1,0,10,3,10,im_end,box,hybrid
1787057854.1582422,58.4076247215271,18.533,46.958,126.578,0.013,253.932,1,0,10,3,10,im_end,box,hybrid
1787057854.2841554,58.53353786468506,18.271,47.086,125.742,0.015,252.488,1,0,10,3,10,im_end,box,hybrid
1787057854.4127522,58.662134647369385,18.252,47.214,128.432,0.015,254.342,1,0,10,3,10,im_end,box,hybrid
1787057854.5473106,58.796693086624146,18.565,47.072,134.395,0.013,262.987,1,0,10,3,10,im_end,box,hybrid
1787057854.6761324,58.925514936447144,18.704,47.433,128.65,0.013,263.212,1,0,10,3,10,im_end,box,hybrid
1787057854.8028934,59.05227589607239,18.764,47.712,126.583,0.014,255.405,1,0,10,3,10,im_end,box,hybrid
1787057854.9308465,59.18022894859314,18.426,47.016,127.782,0.014,254.539,1,0,10,3,10,im_end,box,hybrid
1787057855.0583944,59.307776927948,18.498,47.133,126.518,0.013,255.326,1,0,10,3,10,im_end,box,hybrid
1787057855.185851,59.43523359298706,18.704,46.887,127.279,0.015,253.975,1,0,10,3,10,im_end,box,hybrid
1787057855.312223,59.56160545349121,18.602,47.175,126.177,0.013,253.657,1,0,10,3,10,im_end,box,hybrid
1787057855.4389853,59.68836784362793,18.425,47.119,126.595,0.013,252.923,1,0,10,3,10,im_end,box,hybrid
1787057855.5656717,59.815054178237915,18.79,46.824,126.515,0.013,253.276,1,0,10,3,10,im_end,box,hybrid
1787057855.694715,59.9440975189209,19.237,46.307,128.873,0.013,255.551,1,0,10,3,10,im_end,box,hybrid
1787057855.8235655,60.07294797897339,18.441,47.756,128.646,0.015,257.719,1,0,10,3,10,im_end,box,hybrid
1787057855.950965,60.20034742355347,18.591,47.591,127.233,0.014,256.048,1,0,10,3,10,im_end,box,hybrid
1787057856.0773413,60.32672381401062,18.7,47.515,126.198,0.014,253.594,1,0,10,3,10,im_end,box,hybrid
1787057856.2049854,60.454367876052856,18.37,47.239,127.47,0.015,253.837,1,0,10,3,10,im_end,box,hybrid
1787057856.332042,60.58142447471619,18.369,47.144,126.877,0.017,254.525,1,0,10,3,10,im_end,box,hybrid
1787057856.4585586,60.70794105529785,18.483,47.21,126.341,0.013,253.386,1,0,10,3,10,im_end,box,hybrid
1787057856.5853057,60.83468818664551,18.594,46.77,126.577,0.016,253.089,1,0,10,3,10,im_end,box,hybrid
1787057856.7136335,60.96301603317261,18.247,47.216,128.108,0.013,254.903,1,0,10,3,10,im_end,box,hybrid
1787057856.840251,61.08963346481323,18.213,47.19,126.437,0.015,254.704,1,0,10,3,10,im_end,box,hybrid
1787057856.9697,61.21908259391785,18.273,46.998,129.265,0.014,255.888,1,0,10,3,10,im_end,box,hybrid
1787057857.0988202,61.3482027053833,18.497,47.634,128.936,0.016,258.384,1,0,10,3,10,im_end,box,hybrid
1787057857.228191,61.47757339477539,18.625,47.734,129.195,0.016,258.303,1,0,10,3,10,im_end,box,hybrid
1787057857.355331,61.604713439941406,18.408,47.38,126.388,0.013,256.338,1,0,10,3,10,im_end,box,hybrid
1787057857.4824317,61.73181414604187,18.83,47.242,126.935,0.014,254.074,1,0,10,3,10,im_end,box,hybrid
1787057857.6089222,61.85830473899841,18.639,47.223,126.305,0.014,253.412,1,0,10,3,10,im_end,box,hybrid
1787057857.7365947,61.98597717285156,18.716,46.799,127.473,0.016,253.954,1,0,10,3,10,im_end,box,hybrid
1787057857.8636577,62.11304020881653,18.187,47.38,126.885,0.013,254.567,1,0,10,3,10,im_end,box,hybrid
1787057857.9903162,62.23969864845276,18.425,47.334,126.45,0.014,253.539,1,0,10,3,10,im_end,box,hybrid
1787057858.1165223,62.365904808044434,18.605,46.831,126.037,0.014,252.655,1,0,10,3,10,im_end,box,hybrid
1787057858.2457595,62.49514198303223,18.218,47.089,129.027,0.013,255.274,1,0,10,3,10,im_end,box,hybrid
1787057858.375703,62.6250855922699,18.771,47.106,129.741,0.017,258.933,1,0,10,3,10,im_end,box,hybrid
1787057858.5028932,62.752275705337524,18.559,47.759,127.013,0.014,256.961,1,0,10,3,10,im_end,box,hybrid
1787057858.6297731,62.87915563583374,18.337,47.575,126.709,0.014,253.891,1,0,10,3,10,im_end,box,hybrid
1787057858.7571769,63.00655937194824,18.59,47.19,126.71,0.014,254.111,1,0,10,3,10,im_end,box,hybrid
1787057858.8846543,63.13403677940369,18.394,47.606,127.309,0.014,254.715,1,0,10,3,10,im_end,box,hybrid
1787057859.0112326,63.26061511039734,18.44,47.042,126.388,0.021,253.866,1,0,10,3,10,im_end,box,hybrid
1787057859.1379578,63.38734030723572,18.745,46.708,126.558,0.013,253.128,1,0,10,3,10,im_end,box,hybrid
1787057859.2643628,63.51374530792236,18.716,46.795,126.228,0.013,252.946,1,0,10,3,10,im_end,box,hybrid
1787057859.3923633,63.641745805740356,18.422,46.913,127.729,0.012,254.135,1,0,10,3,10,im_end,box,hybrid
1787057859.5224903,63.771872758865356,18.693,46.674,129.957,0.013,257.944,1,0,10,3,10,im_end,box,hybrid
1787057859.6511688,63.900551319122314,18.602,47.55,128.439,0.013,258.629,1,0,10,3,10,im_end,box,hybrid
1787057859.7777984,64.02718091011047,18.423,48.064,126.452,0.013,255.062,1,0,10,3,10,im_end,box,hybrid
1787057859.90568,64.1550624370575,18.516,47.499,127.707,0.014,254.33,1,0,10,3,10,im_end,box,hybrid
1787057860.0327873,64.28216981887817,18.362,48.336,126.886,0.014,254.793,1,0,10,3,10,im_end,box,hybrid
1787057860.1596005,64.40898299217224,18.683,47.262,126.638,0.015,253.715,1,0,10,3,10,im_end,box,hybrid
1787057860.286174,64.53555655479431,18.2,47.217,126.361,0.015,253.211,1,0,10,3,10,im_end,box,hybrid
1787057860.4128807,64.66226315498352,18.196,47.292,126.535,0.015,253.065,1,0,10,3,10,im_end,box,hybrid
1787057860.5397346,64.78911709785461,18.188,47.34,126.68,0.014,253.383,1,0,10,3,10,im_end,box,hybrid
1787057860.6662474,64.91562986373901,18.539,46.994,126.337,0.014,253.184,1,0,10,3,10,im_end,box,hybrid
1787057860.795395,65.04477739334106,19.082,46.666,128.945,0.016,255.453,1,0,10,3,10,im_end,box,hybrid
1787057860.926249,65.17563152313232,18.286,47.688,130.667,0.014,259.818,1,0,10,3,10,im_end,box,hybrid
1787057861.0544896,65.30387210845947,18.623,47.533,128.059,0.015,258.905,1,0,10,3,10,im_end,box,hybrid
1787057861.1813354,65.43071794509888,18.459,47.53,126.67,0.016,254.911,1,0,10,3,10,im_end,box,hybrid
1787057861.3072839,65.55666637420654,18.417,47.075,125.753,0.015,252.588,1,0,10,3,10,im_end,box,hybrid
1787057861.434184,65.68356657028198,18.688,46.91,126.73,0.014,252.675,1,0,10,3,10,im_end,box,hybrid
1787057861.5644586,65.81384110450745,18.56,47.108,130.071,0.015,256.977,1,0,10,3,10,im_end,box,hybrid
1787057861.6927958,65.94217824935913,18.45,46.973,128.121,0.013,258.431,1,0,10,3,10,im_end,box,hybrid
1787057861.8220055,66.07138800621033,18.478,47.04,129.031,0.015,257.318,1,0,10,3,10,im_end,box,hybrid
1787057861.953025,66.20240759849548,18.43,47.22,129.353,0.014,260.05,1,0,10,3,10,im_end,box,hybrid
1787057862.081527,66.33090949058533,18.739,47.046,128.344,0.014,257.866,1,0,10,3,10,im_end,box,hybrid
1787057862.2108197,66.46020221710205,18.508,47.608,129.094,0.015,257.612,1,0,10,3,10,im_end,box,hybrid
1787057862.3375397,66.58692216873169,18.777,47.668,126.544,0.014,255.572,1,0,10,3,10,im_end,box,hybrid
1787057862.4640315,66.71341395378113,20.216,45.542,126.314,0.014,253.029,1,0,10,3,10,im_end,box,hybrid
1787057862.5914934,66.84087586402893,18.33,47.101,127.288,0.014,253.773,1,0,10,3,10,im_end,box,hybrid
1787057862.7181265,66.96750903129578,18.352,47.147,126.454,0.016,253.917,1,0,10,3,10,im_end,box,hybrid
1787057862.8442323,67.09361481666565,18.236,47.468,125.929,0.016,252.558,1,0,10,3,10,im_end,box,hybrid
1787057862.9712663,67.22064876556396,18.491,47.029,126.818,0.014,252.958,1,0,10,3,10,im_end,box,hybrid
1787057863.0982745,67.34765696525574,18.239,47.111,126.832,0.014,253.822,1,0,10,3,10,im_end,box,hybrid
1787057863.2264388,67.47582125663757,18.844,46.866,127.978,0.015,254.989,1,0,10,3,10,im_end,box,hybrid
1787057863.3553822,67.60476469993591,18.852,46.77,128.762,0.013,256.919,1,0,10,3,10,im_end,box,hybrid
1787057863.4848657,67.73424816131592,18.817,47.337,129.314,0.013,258.246,1,0,10,3,10,im_end,box,hybrid
1787057863.6114671,67.86084961891174,18.426,47.833,126.429,0.014,255.918,1,0,10,3,10,im_end,box,hybrid
1787057863.7393954,67.98877787590027,18.388,47.069,127.743,0.016,254.341,1,0,10,3,10,im_end,box,hybrid
1787057863.8664234,68.1158058643341,18.556,47.112,126.845,0.013,254.774,1,0,10,3,10,im_end,box,hybrid
1787057863.9946523,68.24403476715088,18.844,46.819,128.041,0.015,255.073,1,0,10,3,10,im_end,box,hybrid
1787057864.1216505,68.37103295326233,18.393,46.942,126.827,0.014,255.034,1,0,10,3,10,im_end,box,hybrid
1787057864.2491567,68.49853920936584,18.339,47.148,127.325,0.016,254.33,1,0,10,3,10,im_end,box,hybrid
1787057864.3765523,68.62593483924866,18.368,47.383,127.21,0.015,254.716,1,0,10,3,10,im_end,box,hybrid
1787057864.5042756,68.75365805625916,18.472,47.535,127.507,0.014,254.927,1,0,10,3,10,im_end,box,hybrid
1787057864.633807,68.88318943977356,18.206,47.335,129.342,0.015,257.037,1,0,10,3,10,im_end,box,hybrid
1787057864.7630017,69.01238417625427,18.633,47.541,129.017,0.015,258.533,1,0,10,3,10,im_end,box,hybrid
1787057864.8905084,69.13989090919495,18.849,47.401,127.29,0.015,256.478,1,0,10,3,10,im_end,box,hybrid
1787057865.0174484,69.2668309211731,18.491,47.443,126.73,0.016,254.232,1,0,10,3,10,im_end,box,hybrid
1787057865.1442497,69.39363217353821,18.409,47.05,126.639,0.015,253.569,1,0,10,3,10,im_end,box,hybrid
1787057865.2714746,69.52085709571838,18.571,46.993,127.009,0.013,253.854,1,0,10,3,10,im_end,box,hybrid
1787057865.399196,69.64857840538025,18.741,46.749,127.512,0.014,254.697,1,0,10,3,10,im_end,box,hybrid
1787057865.5269294,69.77631187438965,18.536,47.572,127.544,0.014,255.273,1,0,10,3,10,im_end,box,hybrid
1787057865.6543071,69.90368962287903,18.417,47.195,127.2,0.013,254.912,1,0,10,3,10,im_end,box,hybrid
1787057865.7818944,70.03127694129944,18.251,47.376,127.39,0.029,254.779,1,0,10,3,10,im_end,box,hybrid
1787057865.9141765,70.16355895996094,18.28,47.284,132.122,0.015,259.694,1,0,10,3,10,im_end,box,hybrid
1787057866.0438216,70.29320406913757,18.534,47.897,129.454,0.015,261.743,1,0,10,3,10,im_end,box,hybrid
1787057866.1728482,70.42223072052002,18.254,47.966,128.835,0.015,258.503,1,0,10,3,10,im_end,box,hybrid
1787057866.3001828,70.54956531524658,18.443,47.074,127.154,0.015,256.16,1,0,10,3,10,im_end,box,hybrid
1787057866.427874,70.67725658416748,18.796,46.895,127.516,0.014,254.842,1,0,10,3,10,im_end,box,hybrid
1787057866.555022,70.8044044971466,18.606,46.915,126.972,0.013,254.663,1,0,10,3,10,im_end,box,hybrid
1787057866.6818333,70.93121576309204,18.912,46.735,126.601,0.013,253.783,1,0,10,3,10,im_end,box,hybrid
1787057866.8088176,71.0582001209259,18.171,47.294,126.815,0.014,253.57,1,0,10,3,10,im_end,box,hybrid
1787057866.9368942,71.18627667427063,18.277,47.285,127.903,0.013,254.894,1,0,10,3,10,im_end,box,hybrid
1787057867.0647118,71.31409430503845,18.365,47.026,127.63,0.013,255.704,1,0,10,3,10,im_end,box,hybrid
1787057867.194493,71.44387555122375,18.798,47.15,129.602,0.015,257.357,1,0,10,3,10,im_end,box,hybrid
1787057867.3232083,71.5725908279419,18.561,47.645,128.541,0.015,258.319,1,0,10,3,10,im_end,box,hybrid
1787057867.4495654,71.69894790649414,18.568,47.823,126.186,0.015,254.894,1,0,10,3,10,im_end,box,hybrid
1787057867.5765116,71.82589411735535,18.62,46.951,126.767,0.013,253.104,1,0,10,3,10,im_end,box,hybrid
1787057867.7040317,71.95341420173645,19.003,46.964,127.317,0.014,254.285,1,0,10,3,10,im_end,box,hybrid
1787057867.8310316,72.08041405677795,18.164,47.22,126.825,0.013,254.312,1,0,10,3,10,im_end,box,hybrid
1787057867.95826,72.20764255523682,18.601,47.042,126.969,0.013,254.0,1,0,10,3,10,im_end,box,hybrid
1787057868.0854907,72.33487319946289,18.427,47.362,127.066,0.013,254.242,1,0,10,3,10,im_end,box,hybrid
1787057868.2121007,72.46148324012756,18.363,47.372,126.44,0.015,253.673,1,0,10,3,10,im_end,box,hybrid
1787057868.3397312,72.58911371231079,18.598,46.955,127.458,0.012,254.064,1,0,10,3,10,im_end,box,hybrid
1787057868.4690099,72.71839237213135,18.545,46.984,129.1,0.017,256.728,1,0,10,3,10,im_end,box,hybrid
1787057868.5985003,72.84788274765015,18.433,47.823,129.311,0.014,258.592,1,0,10,3,10,im_end,box,hybrid
1787057868.725716,72.97509860992432,18.358,48.07,127.017,0.015,256.497,1,0,10,3,10,im_end,box,hybrid
1787057868.8528683,73.10225081443787,18.957,46.646,126.944,0.013,254.19,1,0,10,3,10,im_end,box,hybrid
1787057868.9796045,73.22898697853088,18.463,46.907,126.499,0.013,253.655,1,0,10,3,10,im_end,box,hybrid
1787057869.106851,73.35623359680176,18.66,47.005,127.076,0.014,253.755,1,0,10,3,10,im_end,box,hybrid
1787057869.2364514,73.48583388328552,18.644,47.489,129.415,0.014,256.662,1,0,10,3,10,im_end,box,hybrid
1787057869.36405,73.61343240737915,18.634,47.132,126.681,0.014,257.025,1,0,10,3,10,im_end,box,hybrid
1787057869.491269,73.74065160751343,18.235,48.207,127.038,0.013,254.618,1,0,10,3,10,im_end,box,hybrid
1787057869.618859,73.86824154853821,18.327,47.261,127.417,0.015,254.619,1,0,10,3,10,im_end,box,hybrid
1787057869.7485554,73.99793791770935,18.454,47.041,129.531,0.013,257.113,1,0,10,3,10,im_end,box,hybrid
1787057869.8775902,74.12697267532349,18.659,47.88,128.779,0.014,258.556,1,0,10,3,10,im_end,box,hybrid
1787057870.0044577,74.25384020805359,18.701,47.657,126.693,0.013,255.642,1,0,10,3,10,im_end,box,hybrid
1787057870.131611,74.38099360466003,18.752,46.925,126.975,0.013,253.841,1,0,10,3,10,im_end,box,hybrid
1787057870.2601674,74.50954985618591,18.989,46.791,128.378,0.015,255.504,1,0,10,3,10,im_end,box,hybrid
1787057870.387343,74.63672542572021,18.844,46.8,126.938,0.013,255.524,1,0,10,3,10,im_end,box,hybrid
1787057870.5139706,74.76335310935974,18.288,47.193,126.461,0.013,253.591,1,0,10,3,10,im_end,box,hybrid
1787057870.6420207,74.89140319824219,18.555,47.13,127.873,0.015,254.499,1,0,10,3,10,im_end,box,hybrid
1787057870.7689426,75.01832509040833,18.695,46.805,126.748,0.015,254.798,1,0,10,3,10,im_end,box,hybrid
1787057870.897403,75.1467854976654,18.567,46.892,128.281,0.013,255.198,1,0,10,3,10,im_end,box,hybrid
1787057871.0263166,75.27569913864136,18.858,46.899,128.737,0.014,257.193,1,0,10,3,10,im_end,box,hybrid
1787057871.1547005,75.40408301353455,18.792,47.031,128.212,0.014,257.119,1,0,10,3,10,im_end,box,hybrid
1787057871.2818663,75.5312488079071,18.573,47.466,126.996,0.015,255.373,1,0,10,3,10,im_end,box,hybrid
1787057871.4088678,75.65825033187866,18.232,47.212,126.806,0.014,253.986,1,0,10,3,10,im_end,box,hybrid
1787057871.5360746,75.78545713424683,18.982,46.356,127.036,0.013,254.014,1,0,10,3,10,im_end,box,hybrid
1787057871.6627426,75.91212511062622,18.469,46.861,126.49,0.013,253.698,1,0,10,3,10,im_end,box,hybrid
1787057871.7892902,76.03867268562317,18.565,47.022,126.334,0.015,253.03,1,0,10,3,10,im_end,box,hybrid
1787057871.9160101,76.16539263725281,18.736,46.741,126.546,0.015,253.062,1,0,10,3,10,im_end,box,hybrid
1787057872.044436,76.29381847381592,19.091,46.565,128.249,0.016,254.959,1,0,10,3,10,im_end,box,hybrid
1787057872.1763415,76.42572402954102,19.06,46.477,128.378,0.014,260.151,1,0,10,3,10,im_end,box,hybrid
1787057872.3053958,76.55477833747864,18.403,50.366,128.874,0.014,260.779,1,0,10,3,10,im_end,box,hybrid
1787057872.4340272,76.68340969085693,18.334,47.825,128.452,0.014,257.496,1,0,10,3,10,im_end,box,hybrid
1787057872.5606112,76.80999374389648,18.911,47.823,126.38,0.014,255.012,1,0,10,3,10,im_end,box,hybrid
1787057872.6874592,76.9368417263031,18.276,46.999,126.681,0.013,253.255,1,0,10,3,10,im_end,box,hybrid
1787057872.813804,77.06318640708923,18.718,46.601,126.18,0.014,253.03,1,0,10,3,10,im_end,box,hybrid
1787057872.9413197,77.19070219993591,18.347,47.094,127.339,0.015,253.677,1,0,10,3,10,im_end,box,hybrid
1787057873.0677032,77.31708574295044,18.391,47.496,126.175,0.014,253.729,1,0,10,3,10,im_end,box,hybrid
1787057873.1944206,77.44380307197571,18.415,46.877,126.539,0.014,252.884,1,0,10,3,10,im_end,box,hybrid
1787057873.3209422,77.57032465934753,18.758,46.946,126.349,0.013,253.054,1,0,10,3,10,im_end,box,hybrid
1787057873.4495378,77.69892024993896,19.014,46.414,128.422,0.013,254.939,1,0,10,3,10,im_end,box,hybrid
1787057873.5801003,77.82948279380798,18.441,47.039,130.395,0.013,258.986,1,0,10,3,10,im_end,box,hybrid
1787057873.7085125,77.95789504051208,18.455,47.665,128.235,0.013,258.791,1,0,10,3,10,im_end,box,hybrid
1787057873.8364825,78.08586502075195,18.363,48.606,127.708,0.014,256.142,1,0,10,3,10,im_end,box,hybrid
1787057873.9638615,78.21324396133423,18.456,47.229,127.133,0.014,255.105,1,0,10,3,10,im_end,box,hybrid
1787057874.0914469,78.340829372406,18.55,46.936,127.41,0.014,254.702,1,0,10,3,10,im_end,box,hybrid
1787057874.218286,78.4676685333252,18.772,46.799,126.665,0.014,254.241,1,0,10,3,10,im_end,box,hybrid
1787057874.3451004,78.59448289871216,18.535,47.131,126.638,0.013,253.476,1,0,10,3,10,im_end,box,hybrid
1787057874.4719703,78.72135281562805,19.868,45.599,126.69,0.014,253.504,1,0,10,3,10,im_end,box,hybrid
1787057874.5995615,78.84894394874573,18.687,46.993,127.389,0.014,254.248,1,0,10,3,10,im_end,box,hybrid
1787057874.727813,78.97719550132751,18.785,47.348,128.079,0.014,255.664,1,0,10,3,10,im_end,box,hybrid
1787057874.8582857,79.10766816139221,18.666,46.917,130.288,0.015,258.548,1,0,10,3,10,im_end,box,hybrid
1787057874.9868827,79.23626518249512,18.935,47.332,128.42,0.015,258.883,1,0,10,3,10,im_end,box,hybrid
1787057875.1140347,79.36341714859009,18.536,47.708,126.986,0.013,255.575,1,0,10,3,10,im_end,box,hybrid
1787057875.2424843,79.49186682701111,18.402,47.445,128.275,0.013,255.417,1,0,10,3,10,im_end,box,hybrid
1787057875.3694313,79.61881375312805,18.895,46.523,126.718,0.014,255.225,1,0,10,3,10,im_end,box,hybrid
1787057875.4958065,79.74518895149231,18.234,47.316,126.194,0.014,253.087,1,0,10,3,10,im_end,box,hybrid
1787057875.623728,79.87311053276062,18.229,47.403,127.158,0.014,254.112,1,0,10,3,10,im_end,box,hybrid
1787057875.75069,80.00007247924805,18.2,47.986,126.218,0.013,254.711,1,0,10,3,10,im_end,box,hybrid
1787057875.8776238,80.12700629234314,18.495,47.379,126.623,0.013,253.718,1,0,10,3,10,im_end,box,hybrid
1787057876.0059474,80.25532984733582,18.559,46.961,128.151,0.015,254.942,1,0,10,3,10,im_end,box,hybrid
1787057876.1362238,80.38560628890991,18.305,47.094,130.044,0.016,258.421,1,0,10,3,10,im_end,box,hybrid
1787057876.2649105,80.51429295539856,18.52,47.831,128.511,0.013,258.733,1,0,10,3,10,im_end,box,hybrid
1787057876.3920374,80.64141988754272,18.353,47.935,126.942,0.015,255.629,1,0,10,3,10,im_end,box,hybrid
1787057876.5195346,80.76891708374023,18.178,47.362,127.32,0.014,254.438,1,0,10,3,10,im_end,box,hybrid
1787057876.646325,80.89570760726929,18.342,47.2,126.618,0.013,254.108,1,0,10,3,10,im_end,box,hybrid
1787057876.7733347,81.02271723747253,18.381,47.324,126.797,0.013,253.621,1,0,10,3,10,im_end,box,hybrid
1787057876.9004831,81.14986562728882,18.628,47.04,126.967,0.014,253.942,1,0,10,3,10,im_end,box,hybrid
1787057877.0273366,81.27671909332275,18.633,46.913,126.654,0.014,253.819,1,0,10,3,10,im_end,box,hybrid
1787057877.1545994,81.403981924057,18.531,46.862,127.067,0.029,253.913,1,0,10,3,10,im_end,box,hybrid
1787057877.2830484,81.53243088722229,18.386,47.164,128.275,0.014,255.524,1,0,10,3,10,im_end,box,hybrid
1787057877.4125068,81.66188931465149,18.799,47.168,129.297,0.014,257.749,1,0,10,3,10,im_end,box,hybrid
1787057877.5405974,81.78997993469238,18.934,47.336,127.859,0.014,257.337,1,0,10,3,10,im_end,box,hybrid
1787057877.6671743,81.91655683517456,18.363,47.925,126.401,0.015,254.465,1,0,10,3,10,im_end,box,hybrid
1787057877.7942598,82.04364228248596,18.321,47.141,126.909,0.013,253.485,1,0,10,3,10,im_end,box,hybrid
1787057877.921017,82.17039942741394,18.327,47.376,126.585,0.015,253.665,1,0,10,3,10,im_end,box,hybrid
1787057878.047629,82.29701161384583,18.337,47.003,126.361,0.016,253.197,1,0,10,3,10,im_end,box,hybrid
1787057878.1746166,82.42399907112122,18.867,46.508,126.812,0.013,253.334,1,0,10,3,10,im_end,box,hybrid
1787057878.3046868,82.55406928062439,18.403,47.307,129.891,0.013,256.875,1,0,10,3,10,im_end,box,hybrid
1787057878.4318094,82.68119192123413,19.06,46.493,126.946,0.014,257.009,1,0,10,3,10,im_end,box,hybrid
1787057878.559963,82.80934548377991,18.706,46.934,127.976,0.014,255.094,1,0,10,3,10,im_end,box,hybrid
1787057878.6892319,82.93861436843872,18.517,47.041,129.077,0.014,257.226,1,0,10,3,10,im_end,box,hybrid
1787057878.8176286,83.06701111793518,18.592,47.721,128.223,0.014,257.489,1,0,10,3,10,im_end,box,hybrid
1787057878.9439104,83.19329285621643,18.679,47.486,126.11,0.015,254.508,1,0,10,3,10,im_end,box,hybrid
1787057879.0706966,83.32007908821106,18.364,47.244,126.615,0.015,252.893,1,0,10,3,10,im_end,box,hybrid
1787057879.197787,83.44716954231262,18.427,47.097,126.921,0.014,253.697,1,0,10,3,10,im_end,box,hybrid
1787057879.3245044,83.57388687133789,18.382,47.427,126.487,0.013,253.614,1,0,10,3,10,im_end,box,hybrid
1787057879.451245,83.70062756538391,18.247,47.283,126.495,0.014,253.246,1,0,10,3,10,im_end,box,hybrid
1787057879.5774024,83.82678484916687,18.302,47.675,125.983,0.014,252.641,1,0,10,3,10,im_end,box,hybrid
1787057879.7042964,83.95367884635925,18.592,46.873,126.721,0.015,252.875,1,0,10,3,10,im_end,box,hybrid
1787057879.8321428,84.08152532577515,18.318,47.327,127.673,0.015,254.56,1,0,10,3,10,im_end,box,hybrid
1787057879.9613717,84.21075415611267,18.427,46.943,129.051,0.015,256.897,1,0,10,3,10,im_end,box,hybrid
1787057880.0888016,84.33818411827087,18.493,47.731,127.26,0.013,256.481,1,0,10,3,10,im_end,box,hybrid
1787057880.2164261,84.46580862998962,18.474,47.602,126.116,0.013,254.889,1,0,10,3,10,im_end,box,hybrid
1787057880.3431826,84.59256505966187,18.489,48.35,126.559,0.014,254.215,1,0,10,3,10,im_end,box,hybrid
1787057880.4710112,84.72039365768433,18.405,47.155,127.63,0.032,254.353,1,0,10,3,10,im_end,box,hybrid
1787057880.5992727,84.84865522384644,18.424,47.268,128.081,0.015,255.907,1,0,10,3,10,im_end,box,hybrid
1787057880.7265644,84.97594690322876,18.742,46.866,127.117,0.013,255.376,1,0,10,3,10,im_end,box,hybrid
1787057880.853717,85.10309958457947,18.525,47.122,126.985,0.014,254.262,1,0,10,3,10,im_end,box,hybrid
1787057880.9812236,85.23060607910156,18.719,46.79,127.334,0.015,254.495,1,0,10,3,10,im_end,box,hybrid
1787057881.1115446,85.36092710494995,18.332,47.083,130.147,0.013,257.644,1,0,10,3,10,im_end,box,hybrid
1787057881.2413363,85.49071884155273,18.255,47.287,129.603,0.015,259.931,1,0,10,3,10,im_end,box,hybrid
1787057881.3689692,85.61835169792175,18.764,47.618,127.458,0.014,257.24,1,0,10,3,10,im_end,box,hybrid
1787057881.4979713,85.74735379219055,18.855,47.334,128.827,0.014,256.443,1,0,10,3,10,im_end,box,hybrid
1787057881.624697,85.87407946586609,19.054,46.566,126.55,0.014,255.55,1,0,10,3,10,im_end,box,hybrid
1787057881.7513318,86.00071430206299,18.55,47.208,126.421,0.014,253.182,1,0,10,3,10,im_end,box,hybrid
1787057881.8780653,86.12744784355164,18.991,46.368,126.558,0.014,253.151,1,0,10,3,10,im_end,box,hybrid
1787057882.00483,86.25421237945557,18.939,46.611,126.589,0.013,253.317,1,0,10,3,10,im_end,box,hybrid
1787057882.1325798,86.38196229934692,18.751,46.624,127.546,0.015,254.306,1,0,10,3,10,im_end,box,hybrid
1787057882.259635,86.50901746749878,18.715,47.341,126.882,0.013,254.625,1,0,10,3,10,im_end,box,hybrid
1787057882.3885307,86.6379132270813,18.599,46.977,128.724,0.014,255.772,1,0,10,3,10,im_end,box,hybrid
1787057882.5213099,86.77069234848022,18.404,47.228,132.506,0.014,261.493,1,0,10,3,10,im_end,box,hybrid
1787057882.6515455,86.9009280204773,18.472,47.767,130.062,0.014,262.738,1,0,10,3,10,im_end,box,hybrid
1787057882.778531,87.02791357040405,18.407,48.17,126.795,0.015,257.026,1,0,10,3,10,im_end,box,hybrid
1787057882.9056034,87.1549859046936,18.583,47.065,126.895,0.014,253.873,1,0,10,3,10,im_end,box,hybrid
1787057883.0325508,87.2819333076477,18.546,46.97,126.723,0.013,253.84,1,0,10,3,10,im_end,box,hybrid
1787057883.1627266,87.41210913658142,18.359,47.386,129.978,0.014,256.899,1,0,10,3,10,im_end,box,hybrid
1787057883.2894957,87.53887820243835,18.464,47.347,126.597,0.014,256.746,1,0,10,3,10,im_end,box,hybrid
1787057883.416092,87.66547441482544,18.442,47.111,126.42,0.016,253.192,1,0,10,3,10,im_end,box,hybrid
1787057883.542935,87.7923173904419,18.21,47.259,126.674,0.014,253.263,1,0,10,3,10,im_end,box,hybrid
1787057883.6718051,87.92118763923645,18.506,46.92,128.692,0.016,255.53,1,0,10,3,10,im_end,box,hybrid
1787057883.800729,88.0501115322113,18.542,47.167,128.742,0.016,257.614,1,0,10,3,10,im_end,box,hybrid
1787057883.9302075,88.17958998680115,18.399,47.91,127.919,0.015,258.178,1,0,10,3,10,im_end,box,hybrid
1787057884.0569575,88.30633997917175,18.683,49.122,126.572,0.015,256.049,1,0,10,3,10,im_end,box,hybrid
1787057884.185694,88.43507647514343,18.16,47.283,128.569,0.014,255.301,1,0,10,3,10,im_end,box,hybrid
1787057884.3133402,88.56272268295288,18.162,47.578,127.478,0.013,256.22,1,0,10,3,10,im_end,box,hybrid
1787057884.4402025,88.68958497047424,18.629,47.296,126.691,0.016,254.33,1,0,10,3,10,im_end,box,hybrid
1787057884.567133,88.81651544570923,18.206,47.527,126.756,0.014,253.619,1,0,10,3,10,im_end,box,hybrid
1787057884.69379,88.94317245483398,18.171,47.394,126.489,0.013,253.414,1,0,10,3,10,im_end,box,hybrid
1787057884.8203206,89.06970310211182,18.292,47.019,126.356,0.014,253.013,1,0,10,3,10,im_end,box,hybrid
1787057884.950512,89.19989442825317,18.473,47.401,130.014,0.015,256.546,1,0,10,3,10,im_end,box,hybrid
1787057885.079557,89.32893943786621,18.424,47.129,128.865,0.015,259.056,1,0,10,3,10,im_end,box,hybrid
1787057885.2072062,89.45658874511719,18.941,47.541,127.47,0.014,256.51,1,0,10,3,10,im_end,box,hybrid
1787057885.338279,89.58766150474548,18.492,47.593,130.863,0.014,258.537,1,0,10,3,10,im_end,box,hybrid
1787057885.4650426,89.7144250869751,18.44,47.328,126.584,0.015,257.618,1,0,10,3,10,im_end,box,hybrid
1787057885.5921414,89.84152388572693,18.428,47.122,126.92,0.014,253.675,1,0,10,3,10,im_end,box,hybrid
1787057885.7185397,89.96792221069336,18.289,47.034,126.231,0.015,253.316,1,0,10,3,10,im_end,box,hybrid
1787057885.8467119,90.0960943698883,18.218,47.133,127.982,0.013,254.385,1,0,10,3,10,im_end,box,hybrid
1787057885.9737391,90.2231216430664,18.298,47.13,126.855,0.014,255.012,1,0,10,3,10,im_end,box,hybrid
1787057886.1003246,90.34970712661743,18.164,47.409,126.409,0.014,253.442,1,0,10,3,10,im_end,box,hybrid
1787057886.2320523,90.48143482208252,18.4,47.086,131.55,0.014,258.132,1,0,10,3,10,im_end,box,hybrid
1787057886.3613214,90.61070394515991,18.688,47.272,129.087,0.017,260.808,1,0,10,3,10,im_end,box,hybrid
1787057886.488809,90.73819160461426,18.84,47.575,127.308,0.013,256.58,1,0,10,3,10,im_end,box,hybrid
1787057886.6145358,90.86391830444336,18.749,47.25,125.56,0.015,253.03,1,0,10,3,10,im_end,box,hybrid
1787057886.7414215,90.99080395698547,18.591,46.729,126.679,0.014,252.437,1,0,10,3,10,im_end,box,hybrid
1787057886.867922,91.11730456352234,18.235,47.257,126.325,0.015,253.18,1,0,10,3,10,im_end,box,hybrid
1787057886.9950812,91.24446368217468,18.181,47.284,126.991,0.013,253.486,1,0,10,3,10,im_end,box,hybrid
1787057887.1221304,91.37151288986206,18.59,47.28,126.873,0.014,254.038,1,0,10,3,10,im_end,box,hybrid
1787057887.2496638,91.4990463256836,18.267,47.059,127.366,0.013,254.404,1,0,10,3,10,im_end,box,hybrid
1787057887.3773677,91.62675023078918,18.498,46.987,127.507,0.013,255.046,1,0,10,3,10,im_end,box,hybrid
1787057887.5067072,91.75608968734741,18.353,47.241,129.136,0.014,256.857,1,0,10,3,10,im_end,box,hybrid
1787057887.6367562,91.88613867759705,18.879,47.276,129.867,0.014,259.185,1,0,10,3,10,im_end,box,hybrid
1787057887.7642422,92.01362466812134,19.074,47.331,127.309,0.016,257.348,1,0,10,3,10,im_end,box,hybrid
1787057887.891193,92.14057540893555,18.873,47.322,126.764,0.016,254.258,1,0,10,3,10,im_end,box,hybrid
1787057888.0188847,92.2682671546936,18.944,46.498,127.47,0.016,254.457,1,0,10,3,10,im_end,box,hybrid
1787057888.146332,92.39571452140808,18.768,46.935,127.279,0.015,254.922,1,0,10,3,10,im_end,box,hybrid
1787057888.2730837,92.52246618270874,18.404,47.189,126.574,0.015,254.009,1,0,10,3,10,im_end,box,hybrid
1787057888.4017248,92.65110731124878,18.621,46.811,128.471,0.015,255.222,1,0,10,3,10,im_end,box,hybrid
1787057888.5298371,92.77921962738037,18.427,47.07,127.937,0.015,256.576,1,0,10,3,10,im_end,box,hybrid
1787057888.6568594,92.90624189376831,18.146,47.502,126.847,0.014,254.962,1,0,10,3,10,im_end,box,hybrid
1787057888.7862291,93.03561162948608,18.384,47.058,129.188,0.014,256.201,1,0,10,3,10,im_end,box,hybrid
1787057888.9158716,93.16525411605835,18.463,47.661,129.464,0.015,258.835,1,0,10,3,10,im_end,box,hybrid
1787057889.0438745,93.29325699806213,18.727,47.782,127.83,0.014,257.464,1,0,10,3,10,im_end,box,hybrid
1787057889.172383,93.42176556587219,18.686,47.349,127.068,0.014,256.33,1,0,10,3,10,im_end,box,hybrid
1787057889.2998745,93.5492570400238,18.284,47.472,127.167,0.013,254.558,1,0,10,3,10,im_end,box,hybrid
1787057889.427461,93.6768434047699,18.192,47.562,127.406,0.014,254.747,1,0,10,3,10,im_end,box,hybrid
1787057889.554469,93.80385160446167,18.357,47.25,126.826,0.014,254.411,1,0,10,3,10,im_end,box,hybrid
1787057889.6821444,93.93152689933777,18.806,46.814,127.497,0.013,254.495,1,0,10,3,10,im_end,box,hybrid
1787057889.809387,94.0587694644928,18.491,47.54,127.044,0.015,254.714,1,0,10,3,10,im_end,box,hybrid
1787057889.9372659,94.18664836883545,18.412,47.152,127.699,0.016,254.937,1,0,10,3,10,im_end,box,hybrid
1787057890.0667727,94.3161551952362,18.346,47.27,129.321,0.021,257.201,1,0,10,3,10,im_end,box,hybrid
1787057890.1962893,94.4456717967987,18.338,47.88,129.34,0.015,258.843,1,0,10,3,10,im_end,box,hybrid
1787057890.323469,94.57285141944885,18.395,48.082,126.973,0.013,256.518,1,0,10,3,10,im_end,box,hybrid
1787057890.4502647,94.69964718818665,18.52,47.181,126.624,0.014,253.766,1,0,10,3,10,im_end,box,hybrid
1787057890.5766118,94.82599425315857,18.236,47.39,126.153,0.013,252.943,1,0,10,3,10,im_end,box,hybrid
1787057890.7038896,94.9532721042633,18.434,46.97,127.114,0.013,253.453,1,0,10,3,10,im_end,box,hybrid
1787057890.8317175,95.08109998703003,18.325,47.119,127.61,0.014,254.941,1,0,10,3,10,im_end,box,hybrid
1787057890.9591115,95.20849394798279,18.312,47.365,127.223,0.014,255.003,1,0,10,3,10,im_end,box,hybrid
1787057891.0855854,95.3349678516388,18.522,47.058,126.265,0.032,253.683,1,0,10,3,10,im_end,box,hybrid
1787057891.2142968,95.46367931365967,18.346,47.04,128.534,0.016,254.995,1,0,10,3,10,im_end,box,hybrid
1787057891.3431458,95.59252834320068,18.605,46.868,128.68,0.013,257.386,1,0,10,3,10,im_end,box,hybrid
1787057891.4724462,95.72182869911194,18.557,47.796,129.128,0.013,257.973,1,0,10,3,10,im_end,box,hybrid
1787057891.5998602,95.84924268722534,18.33,48.095,127.235,0.015,256.537,1,0,10,3,10,im_end,box,hybrid
1787057891.7270637,95.9764461517334,18.645,47.275,126.984,0.015,254.403,1,0,10,3,10,im_end,box,hybrid
1787057891.8546667,96.10404920578003,18.152,47.294,127.435,0.015,254.588,1,0,10,3,10,im_end,box,hybrid
1787057891.9814286,96.23081111907959,18.551,47.151,126.591,0.014,254.189,1,0,10,3,10,im_end,box,hybrid
1787057892.1082568,96.35763931274414,18.407,47.167,126.63,0.013,253.412,1,0,10,3,10,im_end,box,hybrid
1787057892.235825,96.48520755767822,18.348,47.214,127.391,0.014,254.19,1,0,10,3,10,im_end,box,hybrid
1787057892.363816,96.61319851875305,18.454,47.087,127.773,0.014,255.332,1,0,10,3,10,im_end,box,hybrid
1787057892.4904313,96.73981380462646,18.546,47.381,126.439,0.014,254.426,1,0,10,3,10,im_end,box,hybrid
1787057892.6194546,96.8688371181488,18.604,46.94,128.84,0.016,255.459,1,0,10,3,10,im_end,box,hybrid
1787057892.7490976,96.99848008155823,18.558,47.68,129.463,0.014,258.483,1,0,10,3,10,im_end,box,hybrid
1787057892.8768134,97.12619590759277,18.457,47.737,127.542,0.015,257.179,1,0,10,3,10,im_end,box,hybrid
1787057893.0033865,97.25276899337769,18.589,47.1,126.344,0.033,254.098,1,0,10,3,10,im_end,box,hybrid
1787057893.1309972,97.38037967681885,18.19,47.318,126.867,0.013,253.972,1,0,10,3,10,im_end,box,hybrid
1787057893.2583506,97.50773310661316,18.506,47.796,127.172,0.014,254.788,1,0,10,3,10,im_end,box,hybrid
1787057893.386182,97.63556456565857,18.263,47.256,127.656,0.014,254.997,1,0,10,3,10,im_end,box,hybrid
1787057893.5127325,97.76211500167847,18.634,46.8,126.37,0.017,254.203,1,0,10,3,10,im_end,box,hybrid
1787057893.6409297,97.89031219482422,18.212,47.385,127.884,0.014,254.567,1,0,10,3,10,im_end,box,hybrid
1787057893.7680035,98.01738595962524,18.31,46.97,126.893,0.014,254.724,1,0,10,3,10,im_end,box,hybrid
1787057893.8980887,98.1474711894989,18.594,46.254,129.9,0.013,256.46,1,0,10,3,10,im_end,box,hybrid
1787057894.027537,98.27691960334778,18.251,47.956,129.263,0.013,259.348,1,0,10,3,10,im_end,box,hybrid
1787057894.1548457,98.40422821044922,19.095,47.626,127.109,0.03,256.558,1,0,10,3,10,im_end,box,hybrid
1787057894.2817872,98.53116965293884,18.334,47.252,126.77,0.015,254.066,1,0,10,3,10,im_end,box,hybrid
1787057894.4086041,98.65798664093018,18.509,47.03,126.616,0.013,253.561,1,0,10,3,10,im_end,box,hybrid
1787057894.5363245,98.78570699691772,18.468,47.13,127.541,0.015,254.358,1,0,10,3,10,im_end,box,hybrid
1787057894.6636918,98.91307425498962,18.226,47.7,127.187,0.015,254.907,1,0,10,3,10,im_end,box,hybrid
1787057894.790472,99.03985452651978,18.284,47.313,126.604,0.014,253.969,1,0,10,3,10,im_end,box,hybrid
1787057894.9184904,99.1678729057312,18.608,46.879,127.85,0.013,254.622,1,0,10,3,10,im_end,box,hybrid
1787057895.0460906,99.29547309875488,18.282,47.319,127.433,0.013,255.449,1,0,10,3,10,im_end,box,hybrid
1787057895.1752098,99.42459225654602,18.287,47.709,128.941,0.013,256.547,1,0,10,3,10,im_end,box,hybrid
1787057895.30453,99.55391240119934,19.011,47.236,129.114,0.013,258.234,1,0,10,3,10,im_end,box,hybrid
1787057895.4313943,99.68077683448792,18.521,48.104,126.615,0.013,255.975,1,0,10,3,10,im_end,box,hybrid
1787057895.5589783,99.80836081504822,18.636,46.756,127.345,0.014,254.195,1,0,10,3,10,im_end,box,hybrid
1787057895.6860738,99.93545627593994,18.357,47.189,126.917,0.015,254.434,1,0,10,3,10,im_end,box,hybrid
1787057895.8126607,100.06204319000244,18.542,46.771,126.384,0.042,253.504,1,0,10,3,10,im_end,box,hybrid
1787057895.9388232,100.18820571899414,18.593,46.9,125.984,0.015,252.566,1,0,10,3,10,im_end,box,hybrid
1787057896.066524,100.3159065246582,18.321,47.077,127.519,0.015,253.684,1,0,10,3,10,im_end,box,hybrid
1787057896.1942537,100.44363617897034,18.868,46.599,127.546,0.015,255.242,1,0,10,3,10,im_end,box,hybrid
1787057896.3229952,100.57237768173218,18.497,46.896,128.568,0.013,256.29,1,0,10,3,10,im_end,box,hybrid
1787057896.452003,100.70138549804688,18.547,47.0,128.829,0.015,257.572,1,0,10,3,10,im_end,box,hybrid
1787057896.5822384,100.83162093162537,18.78,47.492,130.045,0.015,259.062,1,0,10,3,10,im_end,box,hybrid
1787057896.7091324,100.95851492881775,18.616,47.681,126.661,0.015,256.95,1,0,10,3,10,im_end,box,hybrid
1787057896.837325,101.0867075920105,18.731,47.036,128.02,0.014,254.851,1,0,10,3,10,im_end,box,hybrid
1787057896.9645066,101.21388912200928,19.713,47.076,127.011,0.013,255.194,1,0,10,3,10,im_end,box,hybrid
1787057897.091517,101.34089946746826,18.503,47.069,126.809,0.013,254.02,1,0,10,3,10,im_end,box,hybrid
1787057897.2189507,101.46833324432373,18.267,47.201,127.262,0.013,254.238,1,0,10,3,10,im_end,box,hybrid
1787057897.3465908,101.59597325325012,18.3,47.591,127.458,0.014,254.892,1,0,10,3,10,im_end,box,hybrid
1787057897.474346,101.72372841835022,18.196,47.471,127.524,0.013,255.222,1,0,10,3,10,im_end,box,hybrid
1787057897.6026907,101.85207319259644,18.546,47.191,128.173,0.015,255.855,1,0,10,3,10,im_end,box,hybrid
1787057897.732423,101.98180556297302,18.345,47.155,129.552,0.014,257.9,1,0,10,3,10,im_end,box,hybrid
1787057897.8617733,102.11115574836731,18.517,47.994,129.171,0.013,258.9,1,0,10,3,10,im_end,box,hybrid
1787057897.98858,102.23796248435974,18.496,47.879,126.571,0.015,255.948,1,0,10,3,10,im_end,box,hybrid
1787057898.1159446,102.36532711982727,18.551,46.988,127.186,0.015,253.961,1,0,10,3,10,im_end,box,hybrid
1787057898.2431765,102.49255895614624,18.605,46.821,127.06,0.014,254.409,1,0,10,3,10,im_end,box,hybrid
1787057898.3703818,102.61976432800293,18.721,46.847,127.032,0.013,254.259,1,0,10,3,10,im_end,box,hybrid
1787057898.4984915,102.74787402153015,18.51,47.019,127.927,0.015,255.136,1,0,10,3,10,im_end,box,hybrid
1787057898.6259098,102.87529230117798,18.543,47.209,127.239,0.013,255.341,1,0,10,3,10,im_end,box,hybrid
1787057898.7533255,103.00270795822144,18.8,46.893,127.234,0.015,254.651,1,0,10,3,10,im_end,box,hybrid
1787057898.8815043,103.1308867931366,18.725,46.808,128.005,0.014,255.41,1,0,10,3,10,im_end,box,hybrid
1787057899.0106785,103.2600610256195,19.328,46.395,128.998,0.014,257.177,1,0,10,3,10,im_end,box,hybrid
1787057899.139974,103.38935661315918,18.6,47.733,129.119,0.014,258.286,1,0,10,3,10,im_end,box,hybrid
1787057899.268806,103.5181884765625,18.624,47.638,128.652,0.014,257.944,1,0,10,3,10,im_end,box,hybrid
1787057899.3960674,103.64544987678528,18.388,47.203,127.078,0.013,255.909,1,0,10,3,10,im_end,box,hybrid
1787057899.522982,103.77236437797546,18.584,47.321,126.733,0.014,253.987,1,0,10,3,10,im_end,box,hybrid
1787057899.6496398,103.89902234077454,18.379,47.117,126.487,0.014,253.39,1,0,10,3,10,im_end,box,hybrid
1787057899.7765865,104.0259690284729,18.432,47.261,126.751,0.014,253.406,1,0,10,3,10,im_end,box,hybrid
1787057899.9038181,104.15320062637329,18.432,47.147,127.052,0.014,253.98,1,0,10,3,10,im_end,box,hybrid
1787057900.0304925,104.27987504005432,18.298,47.65,126.502,0.014,253.724,1,0,10,3,10,im_end,box,hybrid
1787057900.1594393,104.40882182121277,18.43,47.256,128.765,0.014,255.441,1,0,10,3,10,im_end,box,hybrid
1787057900.288299,104.53768157958984,18.497,47.041,128.627,0.013,257.604,1,0,10,3,10,im_end,box,hybrid
1787057900.4168112,104.66619372367859,18.586,47.589,128.342,0.014,257.157,1,0,10,3,10,im_end,box,hybrid
1787057900.5432956,104.79267811775208,18.397,47.875,126.305,0.014,254.822,1,0,10,3,10,im_end,box,hybrid
1787057900.669974,104.91935658454895,18.507,47.117,126.506,0.013,252.976,1,0,10,3,10,im_end,box,hybrid
1787057900.7978687,105.04725122451782,18.225,47.346,127.713,0.014,254.392,1,0,10,3,10,im_end,box,hybrid
1787057900.9259982,105.17538070678711,18.288,47.373,127.949,0.013,255.838,1,0,10,3,10,im_end,box,hybrid
1787057901.0529966,105.30237913131714,18.215,47.383,126.816,0.015,254.944,1,0,10,3,10,im_end,box,hybrid
1787057901.1793485,105.42873096466064,18.426,47.285,126.179,0.013,253.174,1,0,10,3,10,im_end,box,hybrid
1787057901.3060985,105.55548095703125,18.731,46.918,126.571,0.015,252.921,1,0,10,3,10,im_end,box,hybrid
1787057901.4347494,105.68413186073303,18.436,47.106,128.467,0.014,255.218,1,0,10,3,10,im_end,box,hybrid
1787057901.5641823,105.81356477737427,18.158,47.46,129.251,0.016,257.901,1,0,10,3,10,im_end,box,hybrid
1787057901.6925113,105.94189381599426,19.095,47.507,128.115,0.014,257.577,1,0,10,3,10,im_end,box,hybrid
1787057901.819662,106.06904458999634,18.542,47.66,126.845,0.014,255.257,1,0,10,3,10,im_end,box,hybrid
1787057901.9466038,106.19598627090454,18.281,46.999,126.775,0.012,253.784,1,0,10,3,10,im_end,box,hybrid
1787057902.0738988,106.32328128814697,18.694,46.789,127.132,0.014,254.062,1,0,10,3,10,im_end,box,hybrid
1787057902.200804,106.45018649101257,18.508,47.588,126.729,0.014,254.026,1,0,10,3,10,im_end,box,hybrid
1787057902.3277152,106.57709765434265,18.571,47.122,126.741,0.013,253.638,1,0,10,3,10,im_end,box,hybrid
1787057902.4543796,106.70376205444336,18.929,46.635,126.491,0.013,253.398,1,0,10,3,10,im_end,box,hybrid
1787057902.5811815,106.83056402206421,18.412,47.213,126.631,0.013,253.288,1,0,10,3,10,im_end,box,hybrid
1787057902.708896,106.95827841758728,18.336,47.372,127.54,0.014,254.336,1,0,10,3,10,im_end,box,hybrid
1787057902.8379343,107.0873167514801,18.175,47.399,128.844,0.013,256.56,1,0,10,3,10,im_end,box,hybrid
1787057902.966367,107.215749502182,18.592,47.65,128.224,0.015,257.288,1,0,10,3,10,im_end,box,hybrid
1787057903.0948646,107.34424710273743,18.956,47.367,128.324,0.014,256.716,1,0,10,3,10,im_end,box,hybrid
1787057903.2224934,107.4718759059906,18.482,46.973,127.445,0.014,255.948,1,0,10,3,10,im_end,box,hybrid
1787057903.3490832,107.59846568107605,19.035,46.582,126.412,0.014,254.027,1,0,10,3,10,im_end,box,hybrid
1787057903.4777834,107.7271659374237,18.357,47.204,128.539,0.013,255.12,1,0,10,3,10,im_end,box,hybrid
1787057903.605253,107.85463547706604,18.547,47.051,127.291,0.013,255.988,1,0,10,3,10,im_end,box,hybrid
1787057903.731962,107.98134446144104,18.549,46.889,126.534,0.014,253.984,1,0,10,3,10,im_end,box,hybrid
1787057903.8589768,108.10835933685303,18.409,47.267,126.831,0.014,253.534,1,0,10,3,10,im_end,box,hybrid
1787057903.9869573,108.23633980751038,18.644,46.773,127.801,0.014,254.811,1,0,10,3,10,im_end,box,hybrid
1787057904.1196764,108.36905884742737,18.431,47.133,132.535,0.015,260.513,1,0,10,3,10,im_end,box,hybrid
1787057904.2491617,108.498544216156,18.653,47.546,129.313,0.015,262.029,1,0,10,3,10,im_end,box,hybrid
1787057904.376292,108.62567448616028,18.894,47.655,126.972,0.013,256.441,1,0,10,3,10,im_end,box,hybrid
1787057904.503282,108.75266456604004,18.195,47.386,126.816,0.014,253.946,1,0,10,3,10,im_end,box,hybrid
1787057904.6298583,108.87924075126648,18.434,46.941,126.403,0.014,253.39,1,0,10,3,10,im_end,box,hybrid
1787057904.7568493,109.00623178482056,18.297,47.577,126.804,0.015,253.391,1,0,10,3,10,im_end,box,hybrid
1787057904.8829865,109.13236904144287,18.225,47.523,125.962,0.016,252.937,1,0,10,3,10,im_end,box,hybrid
1787057905.009391,109.25877356529236,18.433,46.927,126.23,0.014,252.365,1,0,10,3,10,im_end,box,hybrid
1787057905.13606,109.38544249534607,18.727,46.886,126.494,0.013,252.894,1,0,10,3,10,im_end,box,hybrid
1787057905.2645013,109.51388382911682,18.635,46.853,128.263,0.014,254.924,1,0,10,3,10,im_end,box,hybrid
1787057905.3934572,109.64283967018127,18.524,47.052,128.714,0.014,257.218,1,0,10,3,10,im_end,box,hybrid
1787057905.5231712,109.77255368232727,18.572,47.502,129.525,0.014,258.431,1,0,10,3,10,im_end,box,hybrid
1787057905.6504788,109.8998613357544,18.489,47.755,127.102,0.015,256.841,1,0,10,3,10,im_end,box,hybrid
1787057905.778286,110.02766847610474,18.775,46.827,127.609,0.014,254.877,1,0,10,3,10,im_end,box,hybrid
1787057905.9043615,110.15374398231506,18.307,47.182,125.903,0.013,253.691,1,0,10,3,10,im_end,box,hybrid
1787057906.0308232,110.28020572662354,18.149,47.295,126.291,0.013,252.362,1,0,10,3,10,im_end,box,hybrid
1787057906.1577377,110.40712022781372,18.4,47.027,126.745,0.012,253.2,1,0,10,3,10,im_end,box,hybrid
1787057906.2847898,110.53417229652405,18.6,46.809,126.875,0.016,253.785,1,0,10,3,10,im_end,box,hybrid
1787057906.412939,110.6623215675354,18.464,46.949,127.985,0.013,255.013,1,0,10,3,10,im_end,box,hybrid
1787057906.540856,110.79023838043213,18.393,47.302,127.741,0.017,255.886,1,0,10,3,10,im_end,box,hybrid
1787057906.6721196,110.92150211334229,18.456,47.261,131.086,0.014,259.008,1,0,10,3,10,im_end,box,hybrid
1787057906.8004892,111.04987168312073,18.597,47.87,128.158,0.015,259.45,1,0,10,3,10,im_end,box,hybrid
1787057906.9285536,111.17793607711792,18.3,48.04,127.842,0.014,256.221,1,0,10,3,10,im_end,box,hybrid
1787057907.0552967,111.30467915534973,18.47,47.505,126.493,0.015,254.581,1,0,10,3,10,im_end,box,hybrid
1787057907.1813204,111.4307029247284,18.663,46.603,125.848,0.013,252.514,1,0,10,3,10,im_end,box,hybrid
1787057907.3079123,111.55729484558105,18.433,47.075,126.411,0.015,252.425,1,0,10,3,10,im_end,box,hybrid
1787057907.4350216,111.68440413475037,18.352,47.194,126.932,0.014,253.505,1,0,10,3,10,im_end,box,hybrid
1787057907.562598,111.81198048591614,18.751,46.882,127.382,0.036,254.505,1,0,10,3,10,im_end,box,hybrid
1787057907.6901462,111.93952870368958,18.208,47.439,127.373,0.013,254.951,1,0,10,3,10,im_end,box,hybrid
1787057907.8211734,112.07055592536926,18.326,47.056,129.047,0.013,258.389,1,0,10,3,10,im_end,box,hybrid
1787057907.9503348,112.1997172832489,18.55,48.29,128.979,0.014,259.501,1,0,10,3,10,im_end,box,hybrid
1787057908.0776324,112.3270149230957,18.61,47.598,127.092,0.015,256.274,1,0,10,3,10,im_end,box,hybrid
1787057908.2038307,112.45321321487427,18.245,47.906,126.022,0.014,253.282,1,0,10,3,10,im_end,box,hybrid
1787057908.3303218,112.57970428466797,18.56,46.904,126.319,0.013,252.511,1,0,10,3,10,im_end,box,hybrid
1787057908.4577103,112.70709276199341,18.951,46.479,127.212,0.013,253.696,1,0,10,3,10,im_end,box,hybrid
1787057908.5844467,112.833829164505,18.363,46.934,126.561,0.015,253.944,1,0,10,3,10,im_end,box,hybrid
1787057908.7108085,112.96019101142883,18.274,47.3,126.192,0.014,252.925,1,0,10,3,10,im_end,box,hybrid
1787057908.8372147,113.08659720420837,18.212,47.306,126.235,0.014,252.527,1,0,10,3,10,im_end,box,hybrid
1787057908.963814,113.21319651603699,18.332,47.263,126.423,0.014,252.827,1,0,10,3,10,im_end,box,hybrid
1787057909.0920649,113.34144735336304,18.316,47.438,128.073,0.015,254.672,1,0,10,3,10,im_end,box,hybrid
1787057909.2211137,113.47049617767334,18.265,47.582,128.875,0.013,257.116,1,0,10,3,10,im_end,box,hybrid
1787057909.3486652,113.59804773330688,18.305,47.761,127.38,0.014,256.422,1,0,10,3,10,im_end,box,hybrid
1787057909.4761376,113.72552013397217,18.145,48.048,127.272,0.014,254.82,1,0,10,3,10,im_end,box,hybrid
1787057909.602875,113.85225749015808,18.722,46.802,126.565,0.015,254.025,1,0,10,3,10,im_end,box,hybrid
1787057909.730174,113.97955656051636,18.129,47.733,127.12,0.014,253.863,1,0,10,3,10,im_end,box,hybrid
1787057909.8573587,114.10674118995667,18.601,47.288,127.012,0.014,254.3,1,0,10,3,10,im_end,box,hybrid
1787057909.9841664,114.23354887962341,18.121,47.475,126.616,0.032,253.816,1,0,10,3,10,im_end,box,hybrid
1787057910.1111903,114.3605728149414,18.386,47.186,126.821,0.013,253.637,1,0,10,3,10,im_end,box,hybrid
1787057910.2378132,114.48719573020935,18.684,46.664,126.454,0.013,253.459,1,0,10,3,10,im_end,box,hybrid
1787057910.3665934,114.615975856781,18.639,46.863,128.573,0.015,255.232,1,0,10,3,10,im_end,box,hybrid
1787057910.496405,114.74578738212585,18.634,47.2,129.604,0.015,258.356,1,0,10,3,10,im_end,box,hybrid
1787057910.6252716,114.87465405464172,18.487,47.717,128.696,0.014,258.493,1,0,10,3,10,im_end,box,hybrid
1787057910.7521443,115.00152683258057,18.591,47.489,126.692,0.014,255.562,1,0,10,3,10,im_end,box,hybrid
1787057910.8790288,115.12841129302979,18.445,47.249,126.717,0.014,253.576,1,0,10,3,10,im_end,box,hybrid
1787057911.005877,115.25525951385498,18.337,47.164,126.678,0.014,253.558,1,0,10,3,10,im_end,box,hybrid
1787057911.1337345,115.38311696052551,18.401,47.22,127.681,0.013,254.533,1,0,10,3,10,im_end,box,hybrid
1787057911.2613616,115.51074409484863,18.85,46.711,127.42,0.014,255.297,1,0,10,3,10,im_end,box,hybrid
1787057911.388698,115.63808059692383,18.754,47.085,127.156,0.013,254.754,1,0,10,3,10,im_end,box,hybrid
1787057911.515437,115.76481938362122,18.477,47.038,126.567,0.014,253.89,1,0,10,3,10,im_end,box,hybrid
1787057911.6440942,115.89347672462463,18.228,47.342,128.492,0.014,255.226,1,0,10,3,10,im_end,box,hybrid
1787057911.773982,116.0233645439148,18.229,47.326,129.658,0.013,258.356,1,0,10,3,10,im_end,box,hybrid
1787057911.9022899,116.15167236328125,18.417,48.163,128.137,0.014,257.974,1,0,10,3,10,im_end,box,hybrid
1787057912.0299006,116.27928304672241,18.625,47.727,127.4,0.013,255.716,1,0,10,3,10,im_end,box,hybrid
1787057912.1585321,116.40791463851929,18.468,47.246,127.618,0.014,256.061,1,0,10,3,10,im_end,box,hybrid
1787057912.2867837,116.53616619110107,18.532,47.116,127.501,0.029,255.863,1,0,10,3,10,im_end,box,hybrid
1787057912.4151537,116.66453623771667,18.753,47.804,128.199,0.013,256.452,1,0,10,3,10,im_end,box,hybrid
1787057912.5419507,116.79133319854736,18.387,47.26,126.628,0.012,254.997,1,0,10,3,10,im_end,box,hybrid
1787057912.6682246,116.9176070690155,18.63,46.781,126.101,0.016,252.541,1,0,10,3,10,im_end,box,hybrid
1787057912.796228,117.04561042785645,18.478,46.397,127.831,0.013,253.504,1,0,10,3,10,im_end,box,hybrid
1787057912.924411,117.17379355430603,18.586,46.928,128.006,0.014,256.003,1,0,10,3,10,im_end,box,hybrid
1787057913.0544665,117.3038489818573,18.484,47.251,129.829,0.014,258.059,1,0,10,3,10,im_end,box,hybrid
1787057913.1826506,117.4320330619812,18.526,47.609,128.003,0.014,257.988,1,0,10,3,10,im_end,box,hybrid
1787057913.3100255,117.55940794944763,18.667,47.65,127.192,0.014,255.377,1,0,10,3,10,im_end,box,hybrid
1787057913.436827,117.68620944023132,18.473,47.184,126.621,0.015,253.989,1,0,10,3,10,im_end,box,hybrid
1787057913.5636466,117.81302905082703,18.812,46.945,126.646,0.014,253.439,1,0,10,3,10,im_end,box,hybrid
1787057913.691122,117.94050455093384,18.381,47.263,127.297,0.015,254.117,1,0,10,3,10,im_end,box,hybrid
1787057913.8187206,118.06810307502747,18.698,47.124,127.409,0.015,254.884,1,0,10,3,10,im_end,box,hybrid
1787057913.9461584,118.19554090499878,18.705,46.909,127.265,0.013,254.85,1,0,10,3,10,im_end,box,hybrid
1787057914.0726738,118.32205629348755,18.553,47.387,126.339,0.014,253.77,1,0,10,3,10,im_end,box,hybrid
1787057914.2014358,118.45081830024719,18.278,47.356,128.584,0.016,255.102,1,0,10,3,10,im_end,box,hybrid
1787057914.3314486,118.5808310508728,18.413,47.406,129.832,0.014,258.582,1,0,10,3,10,im_end,box,hybrid
1787057914.4597769,118.70915937423706,18.826,47.612,128.146,0.014,258.156,1,0,10,3,10,im_end,box,hybrid
1787057914.5888257,118.83820819854736,18.563,47.717,128.861,0.014,257.195,1,0,10,3,10,im_end,box,hybrid
1787057914.716379,118.96576142311096,18.536,47.188,127.382,0.014,256.43,1,0,10,3,10,im_end,box,hybrid
1787057914.8433747,119.09275722503662,18.928,46.655,126.782,0.015,254.383,1,0,10,3,10,im_end,box,hybrid
1787057914.9706748,119.22005724906921,18.291,47.427,127.125,0.016,254.066,1,0,10,3,10,im_end,box,hybrid
1787057915.0977743,119.34715676307678,18.653,46.869,126.922,0.014,253.868,1,0,10,3,10,im_end,box,hybrid
1787057915.2250314,119.47441387176514,18.335,47.156,127.079,0.014,254.176,1,0,10,3,10,im_end,box,hybrid
1787057915.3528209,119.60220336914062,18.506,47.023,127.576,0.014,254.867,1,0,10,3,10,im_end,box,hybrid
1787057915.48276,119.7321424484253,18.269,47.224,129.743,0.015,257.506,1,0,10,3,10,im_end,box,hybrid
1787057915.6113312,119.86071372032166,18.461,47.548,128.391,0.014,258.318,1,0,10,3,10,im_end,box,hybrid
1787057915.7385378,119.98792028427124,18.421,47.79,127.025,0.015,255.58,1,0,10,3,10,im_end,box,hybrid
